customer_id,churn_prob,risk_tier,flagged,monthly_arpu_inr,actual_churn
1,0.033430865838595586,Low,0,358.291,0
2,0.1005503092149455,Low,0,806.8775,0
3,0.036790449807284555,Low,0,660.8675000000001,0
4,0.019149485901773036,Low,0,429.528,0
5,0.02150246560196652,Low,0,564.651,0
6,0.0029915320314058283,Low,0,349.3845,0
7,0.9798887287977527,High,1,353.90749999999997,1
8,0.11056456489124396,Low,0,679.6745000000001,0
9,0.29078322702880877,Medium,1,666.259,0
10,0.06520598557779153,Low,0,760.476,0
11,0.014227203197787391,Low,0,664.9975,0
12,0.06033114727746202,Low,0,438.034,0
13,0.032740959344345684,Low,0,425.5855,0
14,0.024421377247961756,Low,0,786.5045,0
15,0.03641191383571883,Low,0,361.808,0
16,0.2034847681145849,Low,0,443.507,0
17,0.01984454531884251,Low,0,1183.132,0
18,0.19596239732058388,Low,0,433.8525,0
19,0.020471626641773984,Low,0,345.367,0
20,0.052509427850760564,Low,0,529.062,0
21,0.053354181949616566,Low,0,525.015,0
22,0.06259179693858385,Low,0,307.373,0
23,0.10219347184038609,Low,0,1480.1734999999999,0
24,0.03846721903135379,Low,0,341.315,0
25,0.8465616768794101,High,1,339.096,1
26,0.07082513620537274,Low,0,522.54,0
27,0.09258211676226483,Low,0,384.3985,0
28,0.01888305103873681,Low,0,389.389,0
29,0.005524657156831167,Low,0,477.091,0
30,0.017891118121313537,Low,0,512.245,0
31,0.004992585454914035,Low,0,936.9375,0
32,0.1250751698793939,Low,0,530.4875,0
33,0.021281462816395647,Low,0,872.0495,0
34,0.6856159727761972,High,1,634.3835,0
35,0.0,Low,0,500.932,0
36,0.010713893011212946,Low,0,435.6445,0
37,0.10308112923290327,Low,0,393.523,0
38,0.010468688412323979,Low,0,413.036,0
39,0.024404881933627453,Low,0,627.9590000000001,0
40,0.7786484889889762,High,1,626.002,1
41,0.17442859645783676,Low,0,973.9939999999999,0
42,0.09628666386585123,Low,0,516.49,0
43,0.05598036520643085,Low,0,419.7815,0
44,0.5877592847035041,High,1,443.1785,0
45,0.02508781828659794,Low,0,608.165,0
46,0.0543624719482292,Low,0,772.2845,0
47,0.02220850475053042,Low,0,348.28499999999997,0
48,0.03623588144903556,Low,0,811.1465000000001,0
49,0.31115423535476744,Medium,1,1241.6235000000001,0
50,0.17376914230380897,Low,0,434.8445,0
51,0.11682714959770983,Low,0,1068.739,0
52,0.021653110323160512,Low,0,452.8455,0
53,0.011840653098553875,Low,0,378.4635,0
54,0.040428866263311096,Low,0,485.59899999999993,0
55,0.0,Low,0,308.3195,0
56,0.073284561773467,Low,0,419.712,0
57,0.8304384220502004,High,1,549.9884999999999,1
58,0.03443485041204579,Low,0,393.826,0
59,0.04740068919631695,Low,0,1090.9165,0
60,0.079757174030575,Low,0,451.82950000000005,0
61,0.9882277557523774,High,1,442.756,1
62,0.16154580802081941,Low,0,477.462,0
63,0.48228710810347736,Medium,1,473.764,1
64,0.050150623682593085,Low,0,427.8145,0
65,0.07428219204664983,Low,0,539.5315,0
66,0.0679911018243455,Low,0,328.894,0
67,0.06934288923007126,Low,0,1065.4775,0
68,0.19375517062037007,Low,0,734.566,1
69,0.09069335429965017,Low,0,930.8655,0
70,0.08183239052609277,Low,0,575.329,0
71,0.03818040904525814,Low,0,768.06,0
72,0.1629903378036416,Low,0,499.28499999999997,0
73,0.0021472105016408817,Low,0,176.654,0
74,0.014625060546665665,Low,0,557.091,0
75,0.04483798004936578,Low,0,1017.932,0
76,0.07963478059988342,Low,0,682.9025,0
77,0.16384056968405822,Low,0,297.7625,0
78,0.05915165036527417,Low,0,835.7864999999999,0
79,0.26266316765317044,Medium,1,324.8515,0
80,0.2977555777920583,Medium,1,1032.671,0
81,0.2096727578905849,Low,0,356.7555,1
82,0.08260630764666617,Low,0,717.9649999999999,0
83,0.028075140401762403,Low,0,310.1115,0
84,0.19022715438002527,Low,0,467.2385,0
85,0.16105458183405547,Low,0,539.3405,0
86,0.19787638309860614,Low,0,354.123,0
87,0.17248580712046752,Low,0,444.0365,0
88,0.9703256880861882,High,1,860.7439999999999,1
89,0.012892552882685442,Low,0,657.4594999999999,0
90,0.03417234331693423,Low,0,562.4975,0
91,0.03629590019127918,Low,0,342.2285,0
92,0.0031245967588902804,Low,0,388.802,0
93,0.03240681357003251,Low,0,424.342,0
94,0.022724688176836205,Low,0,985.5375000000001,0
95,0.03247312250577082,Low,0,706.6195,0
96,0.01008520296490696,Low,0,377.8005,0
97,0.1867510478208511,Low,0,659.2825,0
98,0.093689802580632,Low,0,383.5195,0
99,0.08898264830631986,Low,0,534.434,0
100,0.20295702338480628,Low,0,1331.7815,1
101,0.03413945280206607,Low,0,792.9965,0
102,0.040816185635787997,Low,0,767.6305,0
103,0.04182119446217856,Low,0,337.40700000000004,0
104,0.013945343557743402,Low,0,314.302,0
105,0.926106295814716,High,1,354.395,1
106,0.017844283184556574,Low,0,442.73699999999997,0
107,0.0959760903954806,Low,0,786.3834999999999,0
108,0.015731018433353307,Low,0,565.4984999999999,0
109,0.04316521478709248,Low,0,487.0585,0
110,0.06092563901136071,Low,0,320.7925,0
111,0.8527855598283143,High,1,690.2355,1
112,0.10191569802666338,Low,0,1073.74,0
113,0.022456218136941455,Low,0,461.3315,0
114,0.03376057617762742,Low,0,300.9015,0
115,0.3777199891736025,Medium,1,481.13649999999996,1
116,0.2865093373523065,Medium,1,579.7665,0
117,0.04864773820505964,Low,0,654.7745,0
118,0.010926880306605187,Low,0,414.3085,0
119,0.32970495847675496,Medium,1,444.9805,0
120,0.016444837854811212,Low,0,844.7819999999999,0
121,0.8277544998886032,High,1,338.4905,1
122,0.10405690871135301,Low,0,399.1075,0
123,0.12723171186783033,Low,0,588.7,0
124,0.02424399688528167,Low,0,906.923,0
125,0.07059640184194547,Low,0,833.848,0
126,0.9677756488973887,High,1,1010.59,1
127,0.07887960153753783,Low,0,851.1065,0
128,0.1699151181968486,Low,0,609.3035,0
129,0.6788915360055403,High,1,621.6175000000001,1
130,0.004940188688401663,Low,0,398.254,0
131,0.0533805382981167,Low,0,792.338,0
132,0.009995558177417327,Low,0,467.6075,0
133,0.1685628095813426,Low,0,405.7375,0
134,0.10844631770811146,Low,0,606.9195,0
135,0.028922204646654955,Low,0,411.17049999999995,0
136,0.13696168411510187,Low,0,356.935,0
137,0.00732825493665077,Low,0,331.03700000000003,0
138,0.0061921636473289835,Low,0,390.98199999999997,0
139,0.08659884192773208,Low,0,375.60450000000003,0
140,0.0758907010864354,Low,0,910.4575,0
141,0.18230247748830444,Low,0,1940.5265,0
142,0.5892450533504054,High,1,366.62850000000003,1
143,0.14968886203877577,Low,0,850.8805,0
144,0.04282362390738667,Low,0,1645.411,0
145,0.040916441793566086,Low,0,560.7570000000001,0
146,0.5485011711580452,High,1,385.374,1
147,0.00711199121758203,Low,0,414.808,0
148,0.4816038896527965,Medium,1,619.499,0
149,0.04476367675837508,Low,0,409.6775,0
150,0.00719420283178551,Low,0,538.22,0
151,0.007561615900571196,Low,0,488.13250000000005,0
152,0.09373754000541606,Low,0,470.21799999999996,0
153,0.033912363228377096,Low,0,466.97299999999996,0
154,0.0,Low,0,594.521,0
155,0.05911835684959712,Low,0,916.0055,0
156,0.006757967883942949,Low,0,423.71,0
157,0.15739335061771353,Low,0,456.327,0
158,0.04503160315241019,Low,0,601.7045,0
159,0.01618511527855703,Low,0,826.4549999999999,0
160,0.1821283148440459,Low,0,617.5939999999999,1
161,0.8893755528739407,High,1,575.1675,0
162,0.17028186734701298,Low,0,463.57849999999996,0
163,0.057316366131622894,Low,0,326.7045,0
164,0.002256403920599621,Low,0,433.925,0
165,0.0445131616510504,Low,0,677.382,0
166,0.5859814001975301,High,1,544.6685,1
167,0.10445144627434826,Low,0,355.822,0
168,0.019173560223789955,Low,0,426.7685,0
169,0.33488728467715845,Medium,1,492.6925,1
170,0.8853230043881357,High,1,419.8245,1
171,0.07640966289972824,Low,0,695.942,0
172,0.1046846419466774,Low,0,515.38,0
173,0.04897907528722147,Low,0,486.885,0
174,0.2300495193338118,Low,0,487.4945,0
175,0.8233169838839788,High,1,361.836,1
176,0.04197754509284429,Low,0,932.0495000000001,0
177,0.05044216630945213,Low,0,357.985,0
178,0.07752401022614742,Low,0,386.2545,0
179,0.9308403665526961,High,1,546.927,0
180,0.33348082411011515,Medium,1,1324.376,0
181,0.013963497608093626,Low,0,425.42449999999997,0
182,0.04568636763479693,Low,0,375.57349999999997,0
183,0.06978943041723921,Low,0,336.2475,0
184,0.17204816012670052,Low,0,432.4175,0
185,0.012865453764447688,Low,0,330.716,0
186,0.10986902401881787,Low,0,507.251,0
187,0.0761277136489351,Low,0,924.5219999999999,0
188,0.060917020406451645,Low,0,457.8905,0
189,0.19525797978263212,Low,0,634.6510000000001,0
190,0.05602848790997028,Low,0,485.82399999999996,0
191,0.010513368991772328,Low,0,933.2375,0
192,0.055942041417733866,Low,0,425.87649999999996,0
193,0.20928599919324517,Low,0,759.3919999999999,0
194,0.012130641375482575,Low,0,663.8385,0
195,0.07103957324145807,Low,0,513.845,0
196,0.02314869539262601,Low,0,1191.43,0
197,0.04628816788205005,Low,0,1349.2505,0
198,0.036940945472947725,Low,0,451.9575,0
199,0.03258572026553329,Low,0,495.32,0
200,0.07552643008994357,Low,0,1066.5500000000002,0
201,0.14451739402048244,Low,0,101.65700000000001,0
202,0.27088397900946015,Medium,1,333.37149999999997,0
203,0.15324161591583046,Low,0,597.5954999999999,0
204,0.21683032445795533,Low,0,845.4375,1
205,0.16629558284004672,Low,0,938.4449999999999,0
206,0.24662833594508318,Medium,1,573.2875,0
207,0.0020004136856962085,Low,0,298.6965,0
208,0.019428517952628923,Low,0,487.731,0
209,0.020741319781731046,Low,0,372.6535,0
210,0.974791611045926,High,1,356.8445,1
211,0.012136837470678495,Low,0,696.2045,0
212,0.38212242969096005,Medium,1,828.622,0
213,0.08328639648302798,Low,0,742.9649999999999,0
214,0.01248245516544194,Low,0,556.8475,0
215,0.028955767761674505,Low,0,334.47950000000003,0
216,0.20019736866725482,Low,0,1016.2715000000001,0
217,0.8852485725893071,High,1,1166.7415,1
218,0.13627860798383543,Low,0,382.7255,0
219,0.028677055819486253,Low,0,945.3835,0
220,0.008141008955807999,Low,0,524.0615,0
221,0.017382223650899538,Low,0,274.2225,0
222,0.025926961132440057,Low,0,326.8535,0
223,0.029684395617919003,Low,0,341.5785,0
224,0.01351607706733021,Low,0,551.8695,0
225,0.023924877887063316,Low,0,594.8,0
226,0.018533572229700233,Low,0,435.61800000000005,0
227,0.013253652582014379,Low,0,353.2895,0
228,0.021751348630069337,Low,0,836.2594999999999,0
229,0.002754377188594297,Low,0,376.87300000000005,0
230,0.007652542567396481,Low,0,579.102,0
231,0.06270757137670457,Low,0,643.2075,0
232,0.007008051060800474,Low,0,484.446,0
233,0.6017329782338645,High,1,503.11,0
234,0.44738441964380127,Medium,1,616.8164999999999,1
235,0.08665556973884636,Low,0,404.325,0
236,0.21860880174941505,Low,0,528.425,0
237,0.06968007075559546,Low,0,717.466,0
238,0.025215872823317127,Low,0,408.187,0
239,0.04674299713614074,Low,0,414.9325,0
240,0.13756538572937238,Low,0,740.0024999999999,0
241,0.34628353580921806,Medium,1,852.885,1
242,0.0022794788814206293,Low,0,666.6855,0
243,0.006770907252573868,Low,0,411.2795,0
244,0.05553678347799047,Low,0,599.535,0
245,0.01900054549936328,Low,0,471.52099999999996,0
246,0.006667067780114665,Low,0,665.7365,0
247,0.04689553073214505,Low,0,672.3050000000001,0
248,0.13384171764111977,Low,0,1294.9119999999998,0
249,0.02452140276728256,Low,0,291.6635,0
250,0.02944973567414478,Low,0,591.725,0
251,0.23259067117732413,Low,0,557.6575,0
252,0.2197723406807141,Low,0,324.7735,0
253,0.9781712653503882,High,1,389.227,1
254,0.32866148598114303,Medium,1,930.5355,1
255,0.008327349571488068,Low,0,591.9125,0
256,0.016274796859485647,Low,0,374.25,0
257,0.02426040541519189,Low,0,372.1645,0
258,0.20707612249491197,Low,0,1302.8980000000001,1
259,0.014315997922237261,Low,0,483.9805,0
260,0.05790573193100036,Low,0,402.055,0
261,0.11891323508655724,Low,0,494.2345,0
262,0.03475275835804987,Low,0,590.5930000000001,0
263,0.009408885461702213,Low,0,368.22400000000005,0
264,0.8793559497089344,High,1,386.928,1
265,0.02829902412232851,Low,0,437.6515,0
266,0.1898446612561528,Low,0,397.4055,0
267,0.009766557587228436,Low,0,862.1189999999999,0
268,0.08896870889828191,Low,0,472.2545,0
269,0.2487588609829045,Medium,1,689.2415,0
270,0.08350303365219165,Low,0,331.37300000000005,0
271,0.11492555464547212,Low,0,440.9225,1
272,0.048977468173559795,Low,0,423.238,0
273,0.01616815265528931,Low,0,494.00800000000004,0
274,0.017222852786119763,Low,0,1051.635,0
275,0.0332777624253062,Low,0,735.934,0
276,0.006251222159748116,Low,0,405.473,0
277,0.05949500824962794,Low,0,1108.7015,0
278,0.0,Low,0,373.42999999999995,0
279,0.22741638025866726,Low,0,532.698,0
280,0.14795690966338276,Low,0,319.4685,0
281,0.014461652689599269,Low,0,558.2515,0
282,0.02568271228334399,Low,0,546.1105,0
283,0.6223614135209956,High,1,1241.472,0
284,0.16811936470603675,Low,0,416.4965,0
285,0.06608161688794224,Low,0,374.8115,0
286,0.9827577857671791,High,1,584.814,1
287,0.39060855456859483,Medium,1,748.505,0
288,0.16034909599467012,Low,0,393.47450000000003,0
289,0.1567831165497403,Low,0,552.5889999999999,0
290,0.020411871879316045,Low,0,200.40449999999998,0
291,0.049746529325360125,Low,0,938.4480000000001,0
292,0.057679549819532216,Low,0,372.91549999999995,0
293,0.10576665134261531,Low,0,528.1815,0
294,0.04565913979798701,Low,0,340.723,0
295,0.005530757339644458,Low,0,800.8445,0
296,0.0671685903393452,Low,0,903.886,0
297,0.05246297035458465,Low,0,437.095,0
298,0.07811765642654796,Low,0,1026.649,0
299,0.031105444266806146,Low,0,522.6885,0
300,0.7468522342179386,High,1,1040.3045,1
301,0.26536045558609594,Medium,1,584.26,0
302,0.06278766439515299,Low,0,356.80600000000004,0
303,0.11840384397381755,Low,0,434.1265,0
304,0.036643940532504894,Low,0,633.6975,0
305,0.010066427932682158,Low,0,604.885,0
306,0.0076096907645681324,Low,0,568.732,0
307,0.10913043157135645,Low,0,633.697,0
308,0.9196318810289184,High,1,434.01750000000004,0
309,0.09188934532004107,Low,0,836.8009999999999,0
310,0.05838868558931012,Low,0,474.53499999999997,0
311,0.25766248370019273,Medium,1,637.599,0
312,0.06693320233882646,Low,0,1337.6965,0
313,0.06619148632600952,Low,0,536.0325,0
314,0.05351906733615562,Low,0,809.491,0
315,0.045521676924551835,Low,0,540.2295,0
316,0.11458474509494217,Low,0,606.5875,0
317,0.06420789181876767,Low,0,345.3135,0
318,0.06969964100610282,Low,0,390.9285,0
319,0.011898486665762254,Low,0,502.639,0
320,0.09921501866784817,Low,0,2223.237,0
321,0.08453081060582575,Low,0,381.3215,0
322,0.015819412870119107,Low,0,301.8465,0
323,0.03157612981321574,Low,0,755.6135,0
324,0.017464654541060196,Low,0,657.852,0
325,0.011969815943795507,Low,0,384.986,0
326,0.05028629120363291,Low,0,689.4675,0
327,0.015052177804028065,Low,0,331.09950000000003,0
328,0.11393256087144249,Low,0,700.575,0
329,0.04384304920983377,Low,0,640.805,0
330,0.6166041409829546,High,1,472.5295,1
331,0.011947119806416258,Low,0,412.873,0
332,0.05482291199923977,Low,0,844.2465,0
333,0.022682517208900604,Low,0,1308.541,0
334,0.08873227607394255,Low,0,622.8934999999999,0
335,0.01178862943404386,Low,0,425.53,0
336,0.9448397748462751,High,1,750.545,1
337,0.23196445754147424,Low,0,1083.6835,0
338,0.7162721379283011,High,1,718.686,0
339,0.022985493516568017,Low,0,748.056,0
340,0.04365018401047227,Low,0,459.0925,1
341,0.027364669759374512,Low,0,520.856,0
342,0.05690385864044368,Low,0,1066.29,0
343,0.02254325951599805,Low,0,335.60900000000004,0
344,0.005361261968193858,Low,0,283.0395,0
345,0.005380899030673658,Low,0,888.2475,0
346,0.06946523014694705,Low,0,311.1845,0
347,0.03344288049049207,Low,0,584.9445000000001,0
348,0.010271967667808175,Low,0,339.6605,0
349,0.01588511304059855,Low,0,326.41499999999996,0
350,0.00730756556523292,Low,0,443.337,0
351,0.0214550855105188,Low,0,750.881,0
352,0.08019917729148188,Low,0,955.2885,0
353,0.0,Low,0,343.7145,0
354,0.1503301487569579,Low,0,788.018,0
355,0.10013965018637509,Low,0,487.09,0
356,0.2951359486526743,Medium,1,332.07,1
357,0.8008774860695198,High,1,939.4755,0
358,0.8885232657871223,High,1,335.856,1
359,0.04562221935831745,Low,0,435.3575,0
360,0.0036207609947248253,Low,0,332.051,0
361,0.1125673365617079,Low,0,1619.2085000000002,0
362,0.0032100806183737985,Low,0,735.794,0
363,0.04279903514052208,Low,0,2004.3165,0
364,0.10319794026239204,Low,0,431.42499999999995,0
365,0.002689679441539204,Low,0,381.1115,0
366,0.015014788827561312,Low,0,560.6434999999999,0
367,0.005837444348784174,Low,0,384.1385,0
368,0.21739103373287014,Low,0,779.425,0
369,0.007713846032712341,Low,0,460.6005,0
370,0.022769198683883555,Low,0,433.373,0
371,0.17114494296832392,Low,0,460.46900000000005,1
372,0.01660944112870616,Low,0,784.5825,0
373,0.08312898228524619,Low,0,453.591,0
374,0.00665649005814731,Low,0,354.8425,0
375,0.12033407512424017,Low,0,525.953,0
376,0.0028052501491519647,Low,0,405.9435,0
377,0.039123861481352676,Low,0,1469.458,0
378,0.021726076633188787,Low,0,430.404,0
379,0.2130951415801967,Low,0,1059.9479999999999,1
380,0.13078866589682903,Low,0,528.885,0
381,0.006978055203047709,Low,0,1032.3265000000001,0
382,0.9694634213122113,High,1,321.383,0
383,0.891894977775702,High,1,389.77,1
384,0.03165110455212818,Low,0,628.2294999999999,0
385,0.05144183410164711,Low,0,1344.13,0
386,0.5362876200817069,High,1,944.3,1
387,0.06031754063537534,Low,0,598.04,0
388,0.6282801455793501,High,1,968.454,0
389,0.007298661914601471,Low,0,563.8965000000001,0
390,0.019950250807814197,Low,0,1102.594,0
391,0.060900538870072365,Low,0,308.1065,0
392,0.04687000228245549,Low,0,538.209,0
393,0.01149141155750941,Low,0,657.425,0
394,0.44320316470869375,Medium,1,586.6850000000001,0
395,0.3986128898068657,Medium,1,345.3295,0
396,0.07423410305141849,Low,0,316.6065,0
397,0.042397652354575106,Low,0,635.8969999999999,0
398,0.8302804422931331,High,1,963.1285,1
399,0.2295515144437754,Low,0,499.2815,0
400,0.007272017220273811,Low,0,323.9275,0
401,0.02694805647043268,Low,0,604.194,0
402,0.11884263551010416,Low,0,762.398,0
403,0.010392434504639073,Low,0,301.9335,0
404,0.6124632430248116,High,1,379.0645,0
405,0.9829565696522748,High,1,542.852,1
406,0.029771671479353175,Low,0,459.3325,0
407,0.8098843511824575,High,1,381.3275,0
408,0.365741688001994,Medium,1,347.7745,0
409,0.44586747990443665,Medium,1,543.1415,0
410,0.06204501252350878,Low,0,441.6645,0
411,0.092035231208727,Low,0,407.0925,0
412,0.020383081470286467,Low,0,492.563,0
413,0.0018199182952412496,Low,0,533.0705,0
414,0.402872045208504,Medium,1,621.2075,1
415,0.5040204954254616,High,1,255.302,0
416,0.027884614814131327,Low,0,578.8285,0
417,0.12715698823697494,Low,0,497.3115,0
418,0.04274037925179022,Low,0,326.1875,0
419,0.041960230979016334,Low,0,418.217,0
420,0.04783751603033144,Low,0,634.0665,0
421,0.009894447263179737,Low,0,451.7405,0
422,0.03040021194716535,Low,0,186.3155,0
423,0.06582218794838099,Low,0,344.8105,0
424,0.03519889481286262,Low,0,563.343,0
425,0.027407609994699912,Low,0,590.2475,0
426,0.03717742094609375,Low,0,516.7145,0
427,0.007990452523020553,Low,0,333.8105,0
428,0.0669479214882012,Low,0,386.2425,0
429,0.029705002260105053,Low,0,445.9785,0
430,0.05230178248526558,Low,0,655.2065,0
431,0.04841493683989189,Low,0,331.60949999999997,0
432,0.0144820921715706,Low,0,528.04,0
433,0.04035852344634568,Low,0,983.835,0
434,0.03812804616660255,Low,0,637.4190000000001,0
435,0.02188600485382165,Low,0,671.8230000000001,0
436,0.07373471325758199,Low,0,429.3965,0
437,0.017930139955202144,Low,0,391.8175,0
438,0.004910116024567022,Low,0,316.33349999999996,0
439,0.008659692446533104,Low,0,857.957,0
440,0.17026957273426302,Low,0,655.7964999999999,0
441,0.04839403494031523,Low,0,393.6595,0
442,0.05489752402553416,Low,0,375.21849999999995,0
443,0.01427091345090644,Low,0,430.2455,0
444,0.731229878983736,High,1,547.776,1
445,0.031132000503268593,Low,0,2042.6999999999998,0
446,0.032318415143378625,Low,0,333.4385,0
447,0.10985154528873599,Low,0,345.394,0
448,0.0,Low,0,380.056,0
449,0.01571707263774392,Low,0,556.8444999999999,0
450,0.09541561168864608,Low,0,656.193,0
451,0.0901468096180567,Low,0,571.726,0
452,0.019255456139969568,Low,0,344.317,0
453,0.19484581139383464,Low,0,1025.721,0
454,0.4776008870928691,Medium,1,633.6179999999999,0
455,0.019826331726493496,Low,0,577.539,0
456,0.06642156969302158,Low,0,390.263,0
457,0.0784655416240001,Low,0,417.02049999999997,0
458,0.0371473105923613,Low,0,770.4069999999999,0
459,0.14278122465560808,Low,0,505.72799999999995,0
460,0.07149518063356493,Low,0,897.4555,0
461,0.7070828937529989,High,1,320.3255,0
462,0.19218459351854536,Low,0,778.3255,0
463,0.028727918250111343,Low,0,419.7995,0
464,0.028739620852949618,Low,0,509.49,0
465,0.05717644986413345,Low,0,571.9925000000001,0
466,0.005503884170257681,Low,0,578.0715,0
467,0.03719190417629448,Low,0,325.74199999999996,0
468,0.6207448201140039,High,1,1070.871,0
469,0.0952144040210881,Low,0,388.5665,0
470,0.00741123673670879,Low,0,582.3054999999999,0
471,0.02661652296258598,Low,0,497.0945,0
472,0.017651557109298575,Low,0,314.6175,0
473,0.01872053694430917,Low,0,986.085,0
474,0.08266196170975433,Low,0,544.6025,0
475,0.010841373831085027,Low,0,531.704,0
476,0.23729315582107924,Low,0,599.3154999999999,0
477,0.3273621352263493,Medium,1,386.58050000000003,0
478,0.005135353070442707,Low,0,409.4305,0
479,0.8602338360341524,High,1,375.29049999999995,1
480,0.027400411458037344,Low,0,312.1355,0
481,0.014261446111019751,Low,0,459.6115,0
482,0.006248167875798997,Low,0,563.489,0
483,0.012757216515016878,Low,0,557.8885,0
484,0.008714903402339231,Low,0,724.1890000000001,0
485,0.014978376908729354,Low,0,357.38,0
486,0.01653658284514894,Low,0,372.0005,0
487,0.0376175964312861,Low,0,412.767,0
488,0.08779193929101636,Low,0,371.547,0
489,0.012767188911271137,Low,0,2121.175,0
490,0.14230062813594402,Low,0,369.025,0
491,0.13650910173850075,Low,0,840.7375,0
492,0.0,Low,0,670.2460000000001,0
493,0.039749330537084744,Low,0,351.3875,0
494,0.023658405497142376,Low,0,475.43399999999997,0
495,0.04675663734583956,Low,0,345.14300000000003,0
496,0.061455397307860773,Low,0,400.246,0
497,0.08441113980535891,Low,0,390.93100000000004,1
498,0.017995369763779495,Low,0,932.84,0
499,0.014391041536545073,Low,0,423.075,0
500,0.0391525275360463,Low,0,782.6234999999999,0
501,0.19105753097163028,Low,0,348.5805,0
502,0.209156647144324,Low,0,342.856,0
503,0.04818758280550967,Low,0,410.648,0
504,0.0,Low,0,356.92650000000003,0
505,0.049932591783785577,Low,0,856.126,0
506,0.039228759020169764,Low,0,408.53599999999994,0
507,0.03464820425639965,Low,0,1552.145,0
508,0.004608998749320523,Low,0,487.31500000000005,0
509,0.04121900983990368,Low,0,669.6345,0
510,0.07436543743626796,Low,0,552.2415,0
511,0.043115741284157565,Low,0,456.97249999999997,0
512,0.051455805733910724,Low,0,394.821,0
513,0.026109335917623936,Low,0,344.748,0
514,0.043745928636800796,Low,0,417.814,0
515,0.02427733810809438,Low,0,1019.001,0
516,0.010031471476338538,Low,0,410.0345,0
517,0.9283267352228234,High,1,1267.037,1
518,0.054835785897481865,Low,0,331.342,0
519,0.046347017776285665,Low,0,391.8555,0
520,0.07306648070087679,Low,0,688.519,0
521,0.03273283558429034,Low,0,463.922,0
522,0.02973723396219014,Low,0,502.03999999999996,0
523,0.06614626771247267,Low,0,866.5350000000001,0
524,0.01994703657806969,Low,0,635.0640000000001,0
525,0.014907530915318152,Low,0,385.282,0
526,0.645893747312101,High,1,490.92999999999995,0
527,0.045511715446767666,Low,0,747.0250000000001,0
528,0.06036184585496777,Low,0,414.22,0
529,0.44822481881248755,Medium,1,467.4235,0
530,0.023891810894106177,Low,0,847.6545000000001,0
531,0.017368154890779627,Low,0,505.4095,0
532,0.056907544779452375,Low,0,505.358,0
533,0.0019032422182137735,Low,0,359.578,0
534,0.2643434110086541,Medium,1,882.3205,0
535,0.0073782821876984895,Low,0,770.5835,0
536,0.07358508799873356,Low,0,432.045,0
537,0.9782644016109805,High,1,468.2675,1
538,0.011606240205488035,Low,0,679.087,0
539,0.6574833784663277,High,1,578.4935,0
540,0.009639710836607883,Low,0,585.2855,0
541,0.30622586096516335,Medium,1,324.46299999999997,0
542,0.03293756169904936,Low,0,691.1745000000001,0
543,0.08689516874321636,Low,0,1222.5055,0
544,0.023719255605405838,Low,0,630.798,0
545,0.0549371107256576,Low,0,653.5195,0
546,0.012187512122863042,Low,0,678.2085,0
547,0.004923245945289728,Low,0,464.0915,0
548,0.039859157462049565,Low,0,408.4465,0
549,0.06182709497730046,Low,0,530.263,0
550,0.015597500205400922,Low,0,1110.863,0
551,0.07392042264625248,Low,0,675.1745,0
552,0.007635152442010555,Low,0,555.5545,0
553,0.12193263184428654,Low,0,505.407,0
554,0.03138584608242914,Low,0,633.2585,0
555,0.35129436486400145,Medium,1,333.053,0
556,0.04651787759530374,Low,0,1812.528,0
557,0.006560369856362485,Low,0,498.57550000000003,0
558,0.09310758033212142,Low,0,328.02299999999997,0
559,0.08244221922238937,Low,0,456.297,0
560,0.4896661761924531,Medium,1,682.923,1
561,0.2489204520535443,Medium,1,443.4845,0
562,0.03601711211498683,Low,0,450.56550000000004,0
563,0.02570205013318963,Low,0,380.0365,0
564,0.002482136935089993,Low,0,441.43049999999994,0
565,0.030482592087705884,Low,0,542.997,0
566,0.13189775498103928,Low,0,407.206,0
567,0.059973812522574284,Low,0,482.054,0
568,0.02400458298823191,Low,0,858.659,0
569,0.24171801248684607,Medium,1,785.672,1
570,0.5574715408634072,High,1,419.9715,1
571,0.003638121670729248,Low,0,284.9235,0
572,0.035492940376546385,Low,0,699.6990000000001,0
573,0.005574957237946124,Low,0,515.7815,0
574,0.017079662393313468,Low,0,316.7175,0
575,0.11790322835365208,Low,0,319.2745,0
576,0.19802297591813886,Low,0,1248.799,1
577,0.02257542201893562,Low,0,498.6995,0
578,0.04748728698844225,Low,0,332.82099999999997,0
579,0.8793096695759489,High,1,491.6775,1
580,0.18986316164347974,Low,0,2790.8115,0
581,0.42008560086699526,Medium,1,585.3905,0
582,0.0,Low,0,179.387,0
583,0.012075723890411538,Low,0,480.2615,0
584,0.2017080646040481,Low,0,460.435,0
585,0.0027899068217370603,Low,0,441.771,0
586,0.030571670461448406,Low,0,767.434,0
587,0.008153641934526697,Low,0,593.572,0
588,0.48338713582595166,Medium,1,389.55499999999995,0
589,0.16414960078993002,Low,0,642.8575000000001,0
590,0.0019887120606545067,Low,0,563.4739999999999,0
591,0.04352213707377794,Low,0,357.85699999999997,0
592,0.011008640668110362,Low,0,554.46,0
593,0.11566551135228534,Low,0,312.2615,0
594,0.04124731513787073,Low,0,439.40049999999997,0
595,0.021825288610674357,Low,0,579.113,0
596,0.12815005765134924,Low,0,432.709,0
597,0.13005949316802712,Low,0,437.8555,0
598,0.05579211122758642,Low,0,414.865,0
599,0.010653867476858416,Low,0,550.7584999999999,0
600,0.017266855675241524,Low,0,582.5975000000001,0
601,0.060531406747776455,Low,0,523.271,0
602,0.41989319579195056,Medium,1,847.3795,1
603,0.031042531945529448,Low,0,524.2675,0
604,0.9473958349418253,High,1,405.447,1
605,0.5222348172785052,High,1,618.9925000000001,1
606,0.048051711899366606,Low,0,318.305,0
607,0.13395417019606232,Low,0,648.989,0
608,0.27746145789089904,Medium,1,518.4795,0
609,0.025353112014008562,Low,0,665.1955,0
610,0.14639906320001692,Low,0,778.5264999999999,0
611,0.07482401843512826,Low,0,375.95,0
612,0.002989978106854866,Low,0,386.06100000000004,0
613,0.0390982345221736,Low,0,438.427,0
614,0.016232857134281374,Low,0,311.52049999999997,0
615,0.005911642134849746,Low,0,735.4115,0
616,0.05394003141678843,Low,0,484.6415,0
617,0.17125638935061746,Low,0,864.707,0
618,0.04402722638981324,Low,0,666.3425,0
619,0.041563099879506224,Low,0,447.757,1
620,0.004692892747820393,Low,0,418.531,0
621,0.009352328192320803,Low,0,422.6865,0
622,0.9812294860562066,High,1,404.9425,1
623,0.061203633847963276,Low,0,892.172,0
624,0.020531807364731956,Low,0,533.7875,0
625,0.020993588978261864,Low,0,558.7,0
626,0.010990250738739509,Low,0,379.1945,0
627,0.024912486806690125,Low,0,627.331,0
628,0.00926374222293277,Low,0,769.9580000000001,0
629,0.28872836281193887,Medium,1,350.5985,0
630,0.2885028025179396,Medium,1,531.915,0
631,0.004762140431568582,Low,0,374.5155,0
632,0.05651119657881708,Low,0,1516.967,0
633,0.03613296313324276,Low,0,381.317,0
634,0.2678231647011095,Medium,1,438.0635,0
635,0.01125988175617222,Low,0,459.75100000000003,0
636,0.059120561918194,Low,0,589.807,0
637,0.015717906441946775,Low,0,390.39700000000005,0
638,0.07383892031600944,Low,0,827.0615,0
639,0.1907990493824621,Low,0,644.4655,0
640,0.13321729982250696,Low,0,496.1455,1
641,0.03576748495401376,Low,0,256.7045,0
642,0.035661713789418285,Low,0,477.3615,0
643,0.03327258733699823,Low,0,279.625,0
644,0.8977532452005562,High,1,379.6415,1
645,0.02963639839650036,Low,0,422.96950000000004,0
646,0.03224622225437765,Low,0,323.408,0
647,0.01912269181948406,Low,0,368.84749999999997,0
648,0.038309916750681836,Low,0,339.2985,0
649,0.06407987348452832,Low,0,503.78600000000006,0
650,0.017252289281675645,Low,0,423.58799999999997,0
651,0.12040682288447357,Low,0,712.9639999999999,0
652,0.9294145218914811,High,1,310.4315,1
653,0.14869833653106726,Low,0,646.3245,0
654,0.0358838191318745,Low,0,529.4639999999999,0
655,0.03686323344706837,Low,0,286.0535,0
656,0.1998148863686347,Low,0,332.749,0
657,0.056599485369577325,Low,0,535.9245000000001,0
658,0.04332302323982988,Low,0,371.64750000000004,0
659,0.39545349543833835,Medium,1,503.99,0
660,0.015912005874370683,Low,0,404.159,0
661,0.03739294387897598,Low,0,531.4680000000001,0
662,0.1447212764497061,Low,0,723.751,0
663,0.007792434137016898,Low,0,385.305,0
664,0.10374502431151529,Low,0,479.0775,0
665,0.02914034568898743,Low,0,407.0775,0
666,0.9904844245074308,High,1,613.1445,1
667,0.16141471640698166,Low,0,380.738,0
668,0.04817988376564336,Low,0,413.31399999999996,0
669,0.022748665127932496,Low,0,600.1345,0
670,0.01752656441781964,Low,0,316.2155,0
671,0.015126211015388972,Low,0,327.9475,0
672,0.20663554467092568,Low,0,372.152,0
673,0.050275050035732495,Low,0,445.5915,0
674,0.0015025646642206525,Low,0,397.246,0
675,0.2076466155121755,Low,0,757.4965,1
676,0.054591234404835716,Low,0,1434.563,0
677,0.1080808104870912,Low,0,261.745,0
678,0.0041110780323985975,Low,0,505.673,0
679,0.8940814736941987,High,1,1460.5115,1
680,0.7829990418089607,High,1,572.1320000000001,1
681,0.04481979738084791,Low,0,377.1,0
682,0.0063661983727070865,Low,0,340.8225,0
683,0.0467840399656919,Low,0,329.91150000000005,0
684,0.020507164765279813,Low,0,495.027,0
685,0.2607266694655451,Medium,1,438.3905,0
686,0.014753079493057835,Low,0,568.689,0
687,0.053419259390422365,Low,0,815.436,0
688,0.03545909342154865,Low,0,405.26,0
689,0.11933973838478662,Low,0,95.4,0
690,0.06232502252188045,Low,0,1366.952,0
691,0.0325498969158428,Low,0,694.6475,0
692,0.5051164228908114,High,1,2033.269,1
693,0.063124776412301,Low,0,840.447,0
694,0.09538620852572688,Low,0,519.7605,1
695,0.0331471304444048,Low,0,322.3,0
696,0.05539413421541667,Low,0,372.0045,0
697,0.012247382613410261,Low,0,580.087,0
698,0.08312773006089035,Low,0,553.39,0
699,0.005458232162936784,Low,0,501.5515,0
700,0.03743241699195202,Low,0,468.17499999999995,0
701,0.27932146188453627,Medium,1,371.748,0
702,0.15153739565313157,Low,0,1230.8515,0
703,0.09044890437467272,Low,0,2195.145,0
704,0.9556450965287137,High,1,387.7705,1
705,0.030799154637060244,Low,0,408.572,0
706,0.004206909885273283,Low,0,392.41949999999997,0
707,0.06445059168989742,Low,0,719.8085,0
708,0.13855145453125484,Low,0,796.3009999999999,0
709,0.018806737712505392,Low,0,289.8845,0
710,0.07972456862449198,Low,0,653.087,0
711,0.0536389632220302,Low,0,519.52,0
712,0.007477303649613629,Low,0,570.065,0
713,0.17771630592861867,Low,0,491.68999999999994,0
714,0.006852580250226573,Low,0,409.4045,0
715,0.049075072384033996,Low,0,483.109,0
716,0.03981481131792109,Low,0,495.0715,0
717,0.027932620149219455,Low,0,651.9794999999999,0
718,0.015263189774918402,Low,0,459.53,0
719,0.05215985532135674,Low,0,364.407,0
720,0.08087414997773634,Low,0,354.06550000000004,0
721,0.012237144039070598,Low,0,379.91949999999997,0
722,0.8583078701995163,High,1,413.69100000000003,1
723,0.004883832455688177,Low,0,349.46299999999997,0
724,0.9487395067315708,High,1,477.18949999999995,0
725,0.032229050627804554,Low,0,504.72450000000003,0
726,0.04111122026424548,Low,0,480.8075,0
727,0.035534228767409214,Low,0,629.085,0
728,0.019208210269375126,Low,0,650.2905000000001,0
729,0.4343133881065044,Medium,1,427.622,0
730,0.032713474654997146,Low,0,1042.0555,0
731,0.018522582758209755,Low,0,346.05649999999997,0
732,0.051677160929489915,Low,0,341.9615,0
733,0.2575369055507709,Medium,1,391.09950000000003,1
734,0.015119305857055983,Low,0,378.4005,0
735,0.037674056766182296,Low,0,323.064,0
736,0.03781727052379414,Low,0,561.6575,0
737,0.04384893753184732,Low,0,373.7425,0
738,0.03150999937799379,Low,0,330.685,0
739,0.15127400132810295,Low,0,739.645,0
740,0.0,Low,0,501.1405,0
741,0.0019574839697578715,Low,0,441.19550000000004,0
742,0.0892661331011877,Low,0,641.435,0
743,0.056842479415019416,Low,0,464.93199999999996,0
744,0.006004747918544297,Low,0,571.744,0
745,0.03809322496637473,Low,0,605.5865,0
746,0.3257545829110735,Medium,1,54.267,1
747,0.6409565864683671,High,1,746.7539999999999,0
748,0.24644391741047683,Medium,1,1280.0375,0
749,0.007313570585999568,Low,0,599.985,0
750,0.03368038971410021,Low,0,419.8915,0
751,0.11670049905362131,Low,0,915.8145,0
752,0.0,Low,0,588.555,0
753,0.03204756245823631,Low,0,1468.609,0
754,0.026888711362057803,Low,0,260.095,0
755,0.0,Low,0,552.4285,0
756,0.01974845007869424,Low,0,334.929,0
757,0.1290881706492854,Low,0,361.339,0
758,0.021778938542346027,Low,0,728.85,0
759,0.0145514831344292,Low,0,381.445,0
760,0.8124589255429799,High,1,1007.7465,1
761,0.021811158096949848,Low,0,545.0844999999999,0
762,0.8628912127695416,High,1,384.7795,1
763,0.784072999489347,High,1,282.599,1
764,0.012009206211236927,Low,0,502.796,0
765,0.018165689404347894,Low,0,389.428,0
766,0.8600699950946877,High,1,418.77,1
767,0.16369700513719146,Low,0,892.037,1
768,0.08843720235849828,Low,0,551.976,0
769,0.025775673135233605,Low,0,425.942,0
770,0.1666654544589293,Low,0,388.944,0
771,0.02906268754796382,Low,0,520.0375,0
772,0.19716632597403103,Low,0,1073.8445,0
773,0.21239725017415675,Low,0,1150.213,0
774,0.051862626309147605,Low,0,426.588,0
775,0.019612307665085246,Low,0,341.6865,0
776,0.010795630188215576,Low,0,564.323,0
777,0.013809015202471044,Low,0,425.884,0
778,0.01499307057663359,Low,0,483.49,0
779,0.021796152246835118,Low,0,293.546,0
780,0.0021216109842179293,Low,0,421.36,0
781,0.04946258813989123,Low,0,542.4794999999999,0
782,0.022829391628078136,Low,0,472.355,0
783,0.03521662472269898,Low,0,911.0535,0
784,0.0776550804156469,Low,0,535.3065,0
785,0.022910004063809213,Low,0,997.9625000000001,0
786,0.01702164697098168,Low,0,637.652,0
787,0.11925613198969262,Low,0,774.222,0
788,0.3525091261989871,Medium,1,524.1645,0
789,0.1256651837091553,Low,0,738.553,0
790,0.01643422939291974,Low,0,752.4345,0
791,0.029241465008845217,Low,0,629.6435,0
792,0.11810748882830656,Low,0,1356.9685,0
793,0.05757891600001482,Low,0,801.1695,0
794,0.0844194273194248,Low,0,375.88199999999995,0
795,0.30356954180162715,Medium,1,554.6215,0
796,0.039212639171294084,Low,0,469.61699999999996,0
797,0.01179715899912425,Low,0,433.558,0
798,0.032025305127346776,Low,0,491.88200000000006,0
799,0.016203615232971015,Low,0,598.4115,0
800,0.1591699498781531,Low,0,305.04,0
801,0.0050656750789920746,Low,0,325.864,0
802,0.8127300939656741,High,1,320.7185,0
803,0.0044895731054111826,Low,0,744.23,0
804,0.0,Low,0,400.63149999999996,0
805,0.05865763651574724,Low,0,274.921,0
806,0.01332974097311786,Low,0,863.9355,0
807,0.07015608362255268,Low,0,536.565,0
808,0.8002968193653794,High,1,600.5179999999999,1
809,0.0,Low,0,745.354,0
810,0.9678998273991779,High,1,1790.4315,1
811,0.00830570153107921,Low,0,743.7574999999999,0
812,0.2307728687424017,Low,0,691.7570000000001,0
813,0.08529949495340501,Low,0,941.9845,0
814,0.003966830772806331,Low,0,699.1425,0
815,0.011920344407368015,Low,0,351.1325,0
816,0.00209223933195434,Low,0,465.3215,0
817,0.044229894297835685,Low,0,859.0065,0
818,0.02773861469461475,Low,0,588.49,0
819,0.02351998742502466,Low,0,582.917,0
820,0.3944301987302024,Medium,1,412.2135,0
821,0.1613108091990221,Low,0,439.8495,0
822,0.013108970122761422,Low,0,350.457,0
823,0.0763867868862623,Low,0,451.74199999999996,0
824,0.9492472912975554,High,1,305.40999999999997,0
825,0.03294206742204136,Low,0,816.9159999999999,0
826,0.041235193382588096,Low,0,596.8,0
827,0.006726093352520636,Low,0,655.6790000000001,0
828,0.10900031372857472,Low,0,514.2315,0
829,0.09564465016552699,Low,0,517.457,0
830,0.10616314233690614,Low,0,706.5925,0
831,0.011205071837548115,Low,0,508.3745,0
832,0.01874806108264944,Low,0,424.337,0
833,0.9063503652688064,High,1,362.1795,1
834,0.21850897544997475,Low,0,620.1859999999999,0
835,0.0022836172275308127,Low,0,508.10849999999994,0
836,0.0189791855058541,Low,0,319.479,0
837,0.04221097182460156,Low,0,488.78749999999997,0
838,0.08534918625778415,Low,0,575.7895000000001,0
839,0.1837950134334716,Low,0,321.852,0
840,0.11378927036663536,Low,0,1413.172,0
841,0.33468289079982966,Medium,1,1496.6205,0
842,0.3855579882997707,Medium,1,774.9195,0
843,0.002743884173739391,Low,0,310.26149999999996,0
844,0.0,Low,0,554.0425,0
845,0.5736943428124949,High,1,763.315,0
846,0.05161554516545337,Low,0,598.9045000000001,0
847,0.050233547077322464,Low,0,572.53,0
848,0.0021494109060577623,Low,0,460.4015,0
849,0.0029579187881186696,Low,0,481.237,0
850,0.03345033440408214,Low,0,264.24850000000004,0
851,0.09818473466691743,Low,0,766.6745000000001,0
852,0.03132755348415182,Low,0,531.413,0
853,0.038571071428163566,Low,0,851.0920000000001,0
854,0.07101339892570042,Low,0,1275.43,0
855,0.10851401884561009,Low,0,445.97950000000003,0
856,0.007821140285382404,Low,0,714.2925,0
857,0.00996846167326769,Low,0,401.5375,0
858,0.09216573191713892,Low,0,636.749,0
859,0.011114875923069575,Low,0,806.0235,0
860,0.09061285807210327,Low,0,706.3824999999999,0
861,0.006380801188335821,Low,0,633.36,0
862,0.04008117100055448,Low,0,757.5865,0
863,0.055164611922284695,Low,0,508.2695,0
864,0.03872489919448412,Low,0,623.912,0
865,0.004701841659819593,Low,0,463.87,0
866,0.06467640304556237,Low,0,338.939,0
867,0.0074800566588294854,Low,0,581.6320000000001,0
868,0.10314351482721781,Low,0,320.121,0
869,0.08476993656259582,Low,0,714.393,0
870,0.011001344939849207,Low,0,512.0495,0
871,0.05199234077648141,Low,0,1342.1135,0
872,0.04477727520914494,Low,0,816.3535,0
873,0.03344248000457922,Low,0,450.188,0
874,0.10354859373096606,Low,0,771.5875,0
875,0.09671893949109538,Low,0,690.425,0
876,0.01245964563808926,Low,0,309.825,0
877,0.054128260583018034,Low,0,447.369,0
878,0.1339300327487156,Low,0,1132.2455,0
879,0.021187478049155894,Low,0,341.1785,0
880,0.09765709500072148,Low,0,644.0255,1
881,0.2985667431317702,Medium,1,583.2945,0
882,0.3044832155850676,Medium,1,285.8405,0
883,0.18885167848691375,Low,0,351.6535,0
884,0.11706092606623075,Low,0,1332.017,0
885,0.06189027739344113,Low,0,827.435,0
886,0.026173164190391358,Low,0,443.9425,0
887,0.07730946270278159,Low,0,1286.0819999999999,0
888,0.05026091052392656,Low,0,846.3135,0
889,0.002258441165966098,Low,0,556.181,0
890,0.016300302417914532,Low,0,446.87750000000005,0
891,0.17893687324782276,Low,0,802.885,0
892,0.015763011909127687,Low,0,542.5675,0
893,0.12084733395391867,Low,0,510.1295,0
894,0.1000715380892311,Low,0,378.16049999999996,0
895,0.1066333899239388,Low,0,3544.7740000000003,0
896,0.6424232845138872,High,1,439.636,1
897,0.0022691809334766905,Low,0,370.304,0
898,0.02933027997180936,Low,0,660.5504999999999,0
899,0.0670940880439227,Low,0,854.6555000000001,0
900,0.049453598222830915,Low,0,363.5955,0
901,0.0106033584511407,Low,0,316.3655,0
902,0.008803181501625982,Low,0,713.4895,0
903,0.012237001916213896,Low,0,553.802,0
904,0.006343786669882577,Low,0,378.64750000000004,0
905,0.0,Low,0,424.12,0
906,0.031773311125622504,Low,0,372.381,0
907,0.02480584610745767,Low,0,448.798,0
908,0.1809989150741215,Low,0,1092.904,0
909,0.30297610822755244,Medium,1,854.178,0
910,0.08090915227580575,Low,0,535.5605,0
911,0.013208231947277011,Low,0,378.842,0
912,0.014613559749976884,Low,0,400.7965,0
913,0.3881934484485636,Medium,1,499.4855,0
914,0.041090692103231664,Low,0,487.302,0
915,0.015120707893842896,Low,0,356.4265,0
916,0.22155154319023812,Low,0,392.62699999999995,0
917,0.7804507371159988,High,1,547.282,0
918,0.009851273241775007,Low,0,279.7885,0
919,0.014432921468050202,Low,0,553.434,0
920,0.1612004220904379,Low,0,446.7585,0
921,0.005090437346882901,Low,0,355.499,0
922,0.08458910553549925,Low,0,353.1235,0
923,0.002916345121832229,Low,0,538.4585,0
924,0.24024790947240854,Medium,1,447.84549999999996,0
925,0.4685339116400335,Medium,1,321.3235,1
926,0.009628940887915887,Low,0,548.8085,0
927,0.05191265556628888,Low,0,357.471,0
928,0.011722532985992419,Low,0,337.7155,0
929,0.566370098930288,High,1,392.183,0
930,0.9175785922918049,High,1,454.30999999999995,0
931,0.0,Low,0,368.626,0
932,0.02445551165074188,Low,0,376.353,0
933,0.07238195946401589,Low,0,580.692,0
934,0.01684887299768366,Low,0,293.603,0
935,0.5377654921691282,High,1,1317.2579999999998,1
936,0.08173840198552841,Low,0,346.8645,0
937,0.3607151093539735,Medium,1,611.5205000000001,0
938,0.059026305662656625,Low,0,404.206,0
939,0.008945469038839783,Low,0,409.8755,0
940,0.0745337084777228,Low,0,819.727,0
941,0.011826248266671486,Low,0,344.8325,0
942,0.13322672581178563,Low,0,401.22900000000004,0
943,0.08139761964810154,Low,0,306.06850000000003,0
944,0.016700290665611156,Low,0,472.5355,0
945,0.08408268385122493,Low,0,251.024,0
946,0.034835645632121506,Low,0,858.4835,0
947,0.12471294714377838,Low,0,256.914,0
948,0.9611134731001164,High,1,478.64099999999996,0
949,0.005055523770383751,Low,0,396.73,0
950,0.019546551871890673,Low,0,316.655,0
951,0.15538593535045095,Low,0,321.7545,0
952,0.1853594749726005,Low,0,405.078,0
953,0.5459795088246847,High,1,679.414,0
954,0.034819907113015906,Low,0,438.3125,0
955,0.07946442241180532,Low,0,311.1165,0
956,0.02973759239632193,Low,0,1276.887,0
957,0.4223779787928576,Medium,1,1283.245,1
958,0.006429807397496264,Low,0,295.1765,0
959,0.9198757337638737,High,1,763.9355,1
960,0.10638985160559397,Low,0,1322.397,0
961,0.22571102917219912,Low,0,1307.024,0
962,0.9500503880903114,High,1,471.774,1
963,0.28442325257069684,Medium,1,826.5965,0
964,0.02444550789305225,Low,0,782.0605,0
965,0.004770098369963245,Low,0,433.279,0
966,0.4530432010958929,Medium,1,509.904,0
967,0.10457968182364788,Low,0,587.53,0
968,0.0076679997304763955,Low,0,340.368,0
969,0.19821677261131412,Low,0,1539.9589999999998,0
970,0.08986662600279277,Low,0,479.9085,0
971,0.26114580678743704,Medium,1,546.1115,0
972,0.011808781909398568,Low,0,459.6005,0
973,0.11741520023481619,Low,0,672.7294999999999,0
974,0.028975887248454856,Low,0,455.28049999999996,0
975,0.14000764625512838,Low,0,412.37,0
976,0.32800588526835167,Medium,1,424.517,1
977,0.04146748977789526,Low,0,970.594,0
978,0.0365435559222559,Low,0,371.424,0
979,0.07656585472678516,Low,0,859.3625,0
980,0.007679990102599238,Low,0,830.9955,0
981,0.007880623386278226,Low,0,546.8755,0
982,0.0,Low,0,481.037,0
983,0.022379946181625008,Low,0,412.506,0
984,0.15674259868984772,Low,0,1006.3315,0
985,0.38013188607210985,Medium,1,693.869,0
986,0.02264092939357177,Low,0,340.365,0
987,0.06373336825661809,Low,0,439.04200000000003,0
988,0.07708367070403674,Low,0,1030.5615,0
989,0.35749404549164987,Medium,1,327.86,0
990,0.00706069827556275,Low,0,461.9825,0
991,0.0623409678956203,Low,0,499.26599999999996,0
992,0.08654143292921289,Low,0,461.38199999999995,0
993,0.019533757872738665,Low,0,511.78749999999997,0
994,0.007715005641389552,Low,0,333.665,0
995,0.11251631407025724,Low,0,689.966,0
996,0.037557691071686,Low,0,559.4025,0
997,0.007767449355860272,Low,0,363.09499999999997,0
998,0.8314179892255729,High,1,485.877,1
999,0.03914550220649398,Low,0,350.58500000000004,0
1000,0.05802641787389862,Low,0,663.48,0
1001,0.0470037476159995,Low,0,334.0505,0
1002,0.005208450417286222,Low,0,355.7305,0
1003,0.056375913118388826,Low,0,629.1995,0
1004,0.004605109055855208,Low,0,867.202,0
1005,0.0047913747141060895,Low,0,528.7394999999999,0
1006,0.2736515331117283,Medium,1,490.8165,0
1007,0.15668001313030627,Low,0,591.467,0
1008,0.014349907625856877,Low,0,395.455,0
1009,0.14593867335415625,Low,0,555.4645,0
1010,0.10018974377730529,Low,0,1863.3415,0
1011,0.015022801216110765,Low,0,408.7845,0
1012,0.02333727527328018,Low,0,615.4314999999999,0
1013,0.09062671338900406,Low,0,919.1904999999999,0
1014,0.06916794119609883,Low,0,645.4635,0
1015,0.05498557265461679,Low,0,380.663,0
1016,0.042843554316115334,Low,0,434.85450000000003,0
1017,0.004381855446460995,Low,0,323.8385,0
1018,0.01361539716454022,Low,0,595.6600000000001,0
1019,0.07259698339948295,Low,0,1272.115,0
1020,0.2537493412915048,Medium,1,157.9855,0
1021,0.045491625496908335,Low,0,812.6365000000001,0
1022,0.16116978904105275,Low,0,768.8620000000001,0
1023,0.05420479642338845,Low,0,527.4625,0
1024,0.022647086624135938,Low,0,345.9165,0
1025,0.10480674557046744,Low,0,2923.13,0
1026,0.12858945772426472,Low,0,362.5765,0
1027,0.027305562469837005,Low,0,405.7355,0
1028,0.8236235971705126,High,1,413.602,1
1029,0.9103879779618738,High,1,330.863,1
1030,0.04359273408450003,Low,0,1040.219,0
1031,0.030033347947389016,Low,0,536.78,0
1032,0.08244175350447709,Low,0,645.8935,0
1033,0.6828160555296052,High,1,849.9945,1
1034,0.03444669404446004,Low,0,647.482,0
1035,0.938296056951491,High,1,340.79200000000003,1
1036,0.6067075328616403,High,1,811.625,0
1037,0.06528861348081066,Low,0,453.8,0
1038,0.21758152980393072,Low,0,825.095,0
1039,0.20035627087023233,Low,0,784.656,0
1040,0.11818443612864375,Low,0,1799.15,0
1041,0.13865985474580605,Low,0,386.1775,0
1042,0.12648232367901854,Low,0,556.205,0
1043,0.014436998242761208,Low,0,529.5085,0
1044,0.0698772098850942,Low,0,336.9875,0
1045,0.2672334728395755,Medium,1,415.1095,0
1046,0.013646532279166047,Low,0,1031.0104999999999,0
1047,0.026556785796829116,Low,0,740.0540000000001,0
1048,0.043282426889172915,Low,0,491.9845,0
1049,0.028541330664364258,Low,0,358.943,0
1050,0.026008819562382778,Low,0,903.2065,0
1051,0.09750001223520943,Low,0,339.08900000000006,0
1052,0.05979129330006128,Low,0,885.327,0
1053,0.06443092948327217,Low,0,302.35900000000004,0
1054,0.6464950289728877,High,1,413.01250000000005,1
1055,0.12213742582070809,Low,0,584.8525,0
1056,0.007807052694222457,Low,0,794.229,0
1057,0.08237112029782148,Low,0,3039.5665,0
1058,0.0024990118276627445,Low,0,371.2545,0
1059,0.03730324683975589,Low,0,1087.9605000000001,0
1060,0.0,Low,0,648.6055,0
1061,0.04415731909702035,Low,0,452.1345,0
1062,0.05854364664050272,Low,0,383.091,0
1063,0.2409340239338373,Medium,1,569.1424999999999,0
1064,0.09419325685686224,Low,0,703.7795,0
1065,0.016718724471378104,Low,0,368.696,0
1066,0.03479270732913349,Low,0,530.923,0
1067,0.7726008147926453,High,1,375.1145,1
1068,0.012102612534530398,Low,0,408.2195,0
1069,0.012084494046812885,Low,0,427.16999999999996,0
1070,0.11973485546650584,Low,0,424.073,0
1071,0.06776034796369498,Low,0,663.8140000000001,0
1072,0.047376296690087374,Low,0,547.741,0
1073,0.1450820728777342,Low,0,447.4895,0
1074,0.05341441801805163,Low,0,516.157,0
1075,0.004268006224953891,Low,0,675.813,0
1076,0.06500789894220103,Low,0,406.558,0
1077,0.00915757800230462,Low,0,569.076,0
1078,0.08626534111401865,Low,0,839.2885,0
1079,0.1478318775267074,Low,0,333.119,0
1080,0.029851629497635302,Low,0,285.226,0
1081,0.2975331092543261,Medium,1,595.2775,1
1082,0.06625226680988083,Low,0,352.241,0
1083,0.06021620511334047,Low,0,386.306,0
1084,0.08992677918410137,Low,0,443.5,0
1085,0.03282240871099216,Low,0,304.88649999999996,0
1086,0.010918008442270954,Low,0,544.577,0
1087,0.1610554866215389,Low,0,528.55,0
1088,0.09110848807335306,Low,0,394.3995,0
1089,0.23365977673904184,Low,0,279.783,0
1090,0.023549064270615327,Low,0,498.397,0
1091,0.027866664206190894,Low,0,295.8845,0
1092,0.03715284507490028,Low,0,607.248,0
1093,0.08061087194161454,Low,0,705.8040000000001,0
1094,0.02793015251859447,Low,0,404.4085,0
1095,0.09964530460189115,Low,0,399.6565,0
1096,0.04274090768712117,Low,0,348.752,0
1097,0.0196652347273397,Low,0,809.637,0
1098,0.043763661280523,Low,0,309.49199999999996,0
1099,0.05998287601771379,Low,0,722.388,0
1100,0.09119437611276981,Low,0,393.595,0
1101,0.05129325659355899,Low,0,313.5435,0
1102,0.042810507467907453,Low,0,340.2145,0
1103,0.05909354113336677,Low,0,352.381,0
1104,0.10718469210728225,Low,0,1494.5255000000002,0
1105,0.021517120735874314,Low,0,488.9135,0
1106,0.12205292216110791,Low,0,459.933,0
1107,0.01710458218305921,Low,0,386.41049999999996,0
1108,0.012390290533183882,Low,0,358.7685,0
1109,0.0655921126387974,Low,0,173.154,0
1110,0.0066012045359454255,Low,0,392.99,0
1111,0.1448578796249888,Low,0,2008.0875,0
1112,0.08367360852475003,Low,0,377.1645,0
1113,0.2738638038243049,Medium,1,946.3634999999999,0
1114,0.037863816459929873,Low,0,353.28999999999996,0
1115,0.08556157961408899,Low,0,486.068,0
1116,0.09256913302461561,Low,0,489.37850000000003,0
1117,0.09367557995655738,Low,0,474.8665,0
1118,0.135694257996927,Low,0,351.9995,1
1119,0.03498169963905437,Low,0,342.5545,0
1120,0.032015857603360856,Low,0,394.307,0
1121,0.02849103859258064,Low,0,804.9075,0
1122,0.03861306421773213,Low,0,510.423,0
1123,0.07315281785703882,Low,0,336.142,0
1124,0.03297628721725093,Low,0,993.4995,0
1125,0.01635924957274136,Low,0,479.6825,0
1126,0.18517797836169309,Low,0,706.443,0
1127,0.05833933619805361,Low,0,341.829,0
1128,0.055198405202604994,Low,0,511.432,0
1129,0.025849554668071477,Low,0,493.83299999999997,0
1130,0.06597880929105886,Low,0,416.81050000000005,0
1131,0.9220340010976542,High,1,364.3385,1
1132,0.3888862413955501,Medium,1,1792.496,1
1133,0.1045426596861892,Low,0,497.682,0
1134,0.029869201081259476,Low,0,557.2065,0
1135,0.4850667688501654,Medium,1,432.2835,1
1136,0.06499942044684306,Low,0,547.25,0
1137,0.15351036171832452,Low,0,472.91549999999995,0
1138,0.04036883535089061,Low,0,514.8345,0
1139,0.08500839485818731,Low,0,377.61850000000004,0
1140,0.2666004211398001,Medium,1,495.6015,0
1141,0.034348362688603494,Low,0,411.207,0
1142,0.03224829566516781,Low,0,625.6400000000001,0
1143,0.01377873811828452,Low,0,375.14149999999995,0
1144,0.003039912621718686,Low,0,442.9785,0
1145,0.06113781840941172,Low,0,315.794,0
1146,0.2980568722801132,Medium,1,689.8599999999999,1
1147,0.0,Low,0,439.10400000000004,0
1148,0.923459856288214,High,1,706.7665,1
1149,0.05107493478806434,Low,0,418.7125,0
1150,0.018025292546379607,Low,0,456.431,0
1151,0.06819878395492647,Low,0,334.62649999999996,0
1152,0.050804658279812225,Low,0,416.615,0
1153,0.07493445469021226,Low,0,1014.437,0
1154,0.010542741986518837,Low,0,376.403,0
1155,0.10176338621619098,Low,0,486.562,0
1156,0.03730510083174291,Low,0,485.45799999999997,0
1157,0.034664272550460035,Low,0,453.3865,0
1158,0.05544271759788065,Low,0,458.5305,0
1159,0.09343755781651197,Low,0,399.052,0
1160,0.0419522209387853,Low,0,440.55999999999995,0
1161,0.012764752469917685,Low,0,334.6395,0
1162,0.10212165646299155,Low,0,3022.81,0
1163,0.03644281579300272,Low,0,715.0255,0
1164,0.010384697332182544,Low,0,298.4085,0
1165,0.07211288146830001,Low,0,584.4169999999999,0
1166,0.816042232780871,High,1,916.3715,1
1167,0.05581067798905753,Low,0,352.4095,0
1168,0.740235654472164,High,1,453.659,1
1169,0.044204519964164295,Low,0,564.516,0
1170,0.8056532490721134,High,1,325.0605,0
1171,0.08123222984553732,Low,0,379.0735,0
1172,0.015079156348589648,Low,0,400.784,0
1173,0.028445548880903056,Low,0,384.27,0
1174,0.052337811154769376,Low,0,488.3705,0
1175,0.1396986957214297,Low,0,339.17049999999995,0
1176,0.058162359389559506,Low,0,640.473,0
1177,0.019020511014836816,Low,0,407.79650000000004,0
1178,0.04343324897950619,Low,0,427.721,0
1179,0.12648894760736767,Low,0,314.399,0
1180,0.016918398587371916,Low,0,430.8895,0
1181,0.25020792061181024,Medium,1,329.7375,0
1182,0.5345207874577235,High,1,360.093,0
1183,0.07389616513601531,Low,0,456.6855,0
1184,0.013563253996729188,Low,0,287.09450000000004,0
1185,0.03152995822064318,Low,0,282.82349999999997,0
1186,0.19098444187229027,Low,0,849.1885,0
1187,0.012620770653815365,Low,0,639.39,0
1188,0.048070520468048196,Low,0,546.3655,0
1189,0.07008218740410249,Low,0,1328.077,0
1190,0.061697615158608554,Low,0,1442.0835000000002,0
1191,0.02742834587989332,Low,0,279.995,0
1192,0.3484787872995575,Medium,1,367.1995,0
1193,0.047201011947517864,Low,0,860.9845,0
1194,0.04225109617744715,Low,0,1174.0055,0
1195,0.05215495614324699,Low,0,637.937,0
1196,0.045313702836533444,Low,0,1060.756,0
1197,0.034668950712281606,Low,0,479.76,0
1198,0.051698162637247504,Low,0,326.647,0
1199,0.051846063802941766,Low,0,377.48,0
1200,0.19702118146073752,Low,0,571.257,0
1201,0.2793186582670725,Medium,1,490.83050000000003,0
1202,0.02082291866998048,Low,0,583.8985,0
1203,0.10858596290105424,Low,0,416.5885,0
1204,0.9222863270982458,High,1,539.749,0
1205,0.00828764436994464,Low,0,410.035,0
1206,0.048818251282247094,Low,0,592.9000000000001,0
1207,0.036336521585560014,Low,0,446.8895,0
1208,0.03511555105401399,Low,0,416.28,0
1209,0.0059393768862602645,Low,0,495.27700000000004,0
1210,0.07040796554085224,Low,0,551.409,0
1211,0.0443666481394137,Low,0,402.0795,0
1212,0.004209600142648482,Low,0,405.6415,0
1213,0.09549275907059276,Low,0,421.0095,0
1214,0.079082691822688,Low,0,509.135,0
1215,0.07909948284731333,Low,0,2584.55,0
1216,0.26600063175367966,Medium,1,590.1990000000001,0
1217,0.010590444845480414,Low,0,558.027,0
1218,0.7846177411618709,High,1,547.694,0
1219,0.021338581314852768,Low,0,776.789,0
1220,0.08732360796197555,Low,0,570.3755,0
1221,0.04921342826701887,Low,0,769.5975000000001,0
1222,0.040091617316871137,Low,0,500.96,0
1223,0.054216204991793984,Low,0,415.29,0
1224,0.9865441327842671,High,1,339.6645,1
1225,0.04289554043241833,Low,0,385.043,0
1226,0.029058221561667673,Low,0,436.32399999999996,0
1227,0.0022763823261211973,Low,0,575.3685,0
1228,0.06794521381027593,Low,0,799.4755,0
1229,0.0494394800755949,Low,0,435.971,0
1230,0.014169317953218125,Low,0,318.74199999999996,0
1231,0.21442801623881194,Low,0,949.7055,0
1232,0.16004003929598745,Low,0,509.4545,0
1233,0.010233178189591937,Low,0,1119.308,0
1234,0.011583630059502853,Low,0,341.3895,0
1235,0.09628589321220062,Low,0,515.626,0
1236,0.0,Low,0,735.524,0
1237,0.008948596075305678,Low,0,839.123,0
1238,0.07019622940785687,Low,0,397.9875,0
1239,0.9698008483422448,High,1,449.2515,1
1240,0.006194400973743698,Low,0,400.874,0
1241,0.038487109730703316,Low,0,1458.9904999999999,0
1242,0.39485954543091817,Medium,1,582.2395,1
1243,0.03432426512078516,Low,0,310.336,0
1244,0.20133922914615304,Low,0,1593.4935,0
1245,0.009568002972487416,Low,0,392.3705,0
1246,0.23794272971677927,Low,0,676.1445000000001,0
1247,0.0816177549554845,Low,0,448.905,0
1248,0.03759377021450279,Low,0,310.0985,0
1249,0.1660520666090123,Low,0,505.944,0
1250,0.007285790390052961,Low,0,735.7729999999999,0
1251,0.08563422053480726,Low,0,562.65,0
1252,0.058067820444164794,Low,0,750.5409999999999,0
1253,0.06372481216092593,Low,0,1263.311,0
1254,0.08494544405907564,Low,0,320.748,0
1255,0.012615882123359779,Low,0,381.983,0
1256,0.018684731567649267,Low,0,339.27750000000003,0
1257,0.029058386765468236,Low,0,334.3675,0
1258,0.2545402063007671,Medium,1,341.311,0
1259,0.027689875463695526,Low,0,359.9635,0
1260,0.022340043133097377,Low,0,335.776,0
1261,0.03371082044974231,Low,0,914.9639999999999,0
1262,0.024646679989202742,Low,0,634.9545,0
1263,0.04225690633079149,Low,0,364.8225,0
1264,0.06484076571164428,Low,0,712.488,1
1265,0.11382259292845054,Low,0,714.5005,0
1266,0.13173713550878613,Low,0,376.9645,0
1267,0.02291880729199178,Low,0,532.228,0
1268,0.028839686992220854,Low,0,559.7105,0
1269,0.07011666824481537,Low,0,873.601,0
1270,0.011211334921413966,Low,0,689.0435,0
1271,0.15245315737121823,Low,0,1241.96,0
1272,0.02934406758860338,Low,0,787.8264999999999,0
1273,0.9124785091470864,High,1,294.8225,1
1274,0.11411893546735356,Low,0,503.852,0
1275,0.16941590092427578,Low,0,407.115,0
1276,0.08234477745783403,Low,0,809.706,0
1277,0.03645439432081404,Low,0,283.20849999999996,0
1278,0.08439725634285948,Low,0,402.33000000000004,0
1279,0.1900617178250808,Low,0,372.993,1
1280,0.04433766169019657,Low,0,776.358,0
1281,0.016160533711357238,Low,0,401.03999999999996,0
1282,0.5682191849287631,High,1,450.85349999999994,0
1283,0.03960734442178689,Low,0,611.4575,0
1284,0.45710584879536753,Medium,1,374.681,1
1285,0.6007898054393638,High,1,626.4280000000001,1
1286,0.5542163728964391,High,1,1038.8445,1
1287,0.02273572218241191,Low,0,434.797,0
1288,0.05658791908190328,Low,0,361.0565,0
1289,0.036213022238913636,Low,0,445.2335,0
1290,0.036542978406360116,Low,0,363.18999999999994,0
1291,0.014492183408068552,Low,0,468.716,0
1292,0.01897991543392659,Low,0,341.183,0
1293,0.04437094466948912,Low,0,638.0419999999999,0
1294,0.08188894992653317,Low,0,1446.8919999999998,0
1295,0.015705110514306987,Low,0,567.06,0
1296,0.04068602715681765,Low,0,311.0255,0
1297,0.22218097823275945,Low,0,363.012,0
1298,0.03516459315015945,Low,0,1072.7615,0
1299,0.011902508169068706,Low,0,509.58349999999996,0
1300,0.029910167507135044,Low,0,372.5825,0
1301,0.034339508116166345,Low,0,704.578,0
1302,0.16044082046241376,Low,0,324.017,0
1303,0.07169661971872152,Low,0,566.7815,0
1304,0.010575456683197188,Low,0,713.0529999999999,0
1305,0.023770490624413918,Low,0,527.115,0
1306,0.009580345170450498,Low,0,626.884,0
1307,0.09280805070653715,Low,0,1531.0155,0
1308,0.006141216074369418,Low,0,425.0075,0
1309,0.04842035746520483,Low,0,433.137,0
1310,0.028301933102788102,Low,0,461.616,0
1311,0.05310104278098764,Low,0,362.30100000000004,0
1312,0.006855822772527905,Low,0,259.091,0
1313,0.03915590133411731,Low,0,431.661,0
1314,0.977439764758101,High,1,586.628,1
1315,0.5949769047741893,High,1,501.132,0
1316,0.022111082650362098,Low,0,1185.739,0
1317,0.11546899865530849,Low,0,465.314,0
1318,0.05622055817254557,Low,0,473.58899999999994,0
1319,0.04188134593953914,Low,0,385.6385,0
1320,0.11681208902051782,Low,0,325.11899999999997,0
1321,0.17805286908804333,Low,0,326.1385,0
1322,0.023584645244986668,Low,0,938.0115000000001,0
1323,0.022661156996742465,Low,0,473.668,0
1324,0.00872143716450909,Low,0,363.419,0
1325,0.5771346388728285,High,1,323.21299999999997,0
1326,0.1130553045117459,Low,0,469.064,0
1327,0.06578229478636649,Low,0,483.73749999999995,0
1328,0.03991864562871594,Low,0,708.6785,0
1329,0.5194369336720932,High,1,780.655,0
1330,0.5973205844720894,High,1,455.404,1
1331,0.26976543230866135,Medium,1,1100.482,1
1332,0.06197629959390081,Low,0,1501.7914999999998,0
1333,0.03252532836044243,Low,0,430.6645,0
1334,0.08852985301431775,Low,0,646.4925,0
1335,0.02625528752875162,Low,0,636.4095,0
1336,0.04451470810673194,Low,0,574.317,0
1337,0.06081551733290067,Low,0,1136.7514999999999,0
1338,0.04740273837426505,Low,0,513.6895,0
1339,0.9889306849364472,High,1,2025.313,1
1340,0.047665381758801154,Low,0,356.3195,0
1341,0.34930733198093555,Medium,1,641.4485,0
1342,0.15059367351542371,Low,0,318.80449999999996,0
1343,0.06905891559317771,Low,0,366.047,0
1344,0.055425051437201917,Low,0,294.7685,0
1345,0.009475861711319093,Low,0,607.579,0
1346,0.09865448743897497,Low,0,324.584,0
1347,0.11295659626280459,Low,0,407.8985,0
1348,0.04969210197601225,Low,0,332.3655,0
1349,0.146642405647233,Low,0,402.38149999999996,0
1350,0.2211179753036676,Low,0,474.39549999999997,0
1351,0.06921960870806308,Low,0,1454.6965,0
1352,0.0651559705088098,Low,0,512.3305,0
1353,0.05705220590415185,Low,0,415.58299999999997,0
1354,0.020307627409581565,Low,0,512.173,0
1355,0.11116741750249486,Low,0,356.6405,0
1356,0.02979689270167101,Low,0,1028.9795,0
1357,0.15193272885760453,Low,0,547.4485,0
1358,0.03598544379345035,Low,0,449.7005,0
1359,0.9549177009355039,High,1,709.3205,0
1360,0.0652538246284614,Low,0,608.5115000000001,0
1361,0.0027254485755033005,Low,0,540.9935,0
1362,0.12482620545160214,Low,0,407.70349999999996,0
1363,0.008747569801995814,Low,0,498.96849999999995,0
1364,0.1054439543647501,Low,0,672.194,0
1365,0.111728140407568,Low,0,694.5455,0
1366,0.033154888431912055,Low,0,405.75750000000005,0
1367,0.3069486812340643,Medium,1,311.8725,0
1368,0.03053096488786057,Low,0,430.799,0
1369,0.12596204942533035,Low,0,348.171,0
1370,0.05670471616318127,Low,0,1499.745,0
1371,0.0,Low,0,534.0425,0
1372,0.03970934296175455,Low,0,1698.9160000000002,0
1373,0.045861591811800044,Low,0,574.6405,0
1374,0.031014982349467875,Low,0,383.848,0
1375,0.04475039797154028,Low,0,349.241,0
1376,0.6666653451981864,High,1,605.1800000000001,0
1377,0.0854980385777711,Low,0,652.1355,0
1378,0.2751553316377902,Medium,1,534.201,0
1379,0.021374610885228643,Low,0,345.6375,0
1380,0.7539227691278649,High,1,604.1925,0
1381,0.038088786604370185,Low,0,531.7155,0
1382,0.0706468968341943,Low,0,796.685,0
1383,0.06795652014606521,Low,0,295.164,0
1384,0.048221519778611006,Low,0,570.588,0
1385,0.9312026001038214,High,1,422.24350000000004,0
1386,0.01215417731119708,Low,0,602.904,0
1387,0.0,Low,0,1205.8895,0
1388,0.32162709006261,Medium,1,375.4455,1
1389,0.03859113160031903,Low,0,897.6925,0
1390,0.007679740011128214,Low,0,679.7785,0
1391,0.0370105698280965,Low,0,1155.3535000000002,0
1392,0.024866790149754295,Low,0,291.602,0
1393,0.05444074071021605,Low,0,1241.5715,0
1394,0.010139469272571219,Low,0,358.24800000000005,0
1395,0.0021477602803068787,Low,0,344.657,0
1396,0.007246080533278262,Low,0,368.81100000000004,0
1397,0.5829467366314198,High,1,410.669,1
1398,0.06464028700286521,Low,0,452.99850000000004,0
1399,0.08715276337614511,Low,0,659.7395,0
1400,0.14808132282260708,Low,0,623.4265,0
1401,0.12096848448221827,Low,0,1216.777,0
1402,0.008971946447841916,Low,0,596.619,0
1403,0.24450528131035487,Medium,1,454.40650000000005,0
1404,0.04486238789658772,Low,0,360.3835,0
1405,0.00590241878121619,Low,0,435.243,0
1406,0.019901825823511028,Low,0,283.08500000000004,0
1407,0.17450961817493793,Low,0,974.717,0
1408,0.06816655154044925,Low,0,570.5325,0
1409,0.02733576019465471,Low,0,377.828,0
1410,0.555977798235386,High,1,528.5885000000001,1
1411,0.027046401728149025,Low,0,392.4515,0
1412,0.005729053731154756,Low,0,325.3055,0
1413,0.21357307366390496,Low,0,582.792,1
1414,0.02409541623504244,Low,0,1423.882,0
1415,0.10769182293834247,Low,0,6360.578,0
1416,0.007403106635746243,Low,0,537.256,0
1417,0.07879859464252625,Low,0,567.2515000000001,0
1418,0.5917663868881455,High,1,430.98900000000003,0
1419,0.24303209722252755,Medium,1,334.5605,0
1420,0.003059350586841423,Low,0,329.27700000000004,0
1421,0.19001058601309986,Low,0,319.376,0
1422,0.572478828407448,High,1,1135.945,1
1423,0.14254904800700022,Low,0,808.9815,0
1424,0.07759560703883976,Low,0,523.5609999999999,0
1425,0.025337905720112627,Low,0,828.6505,0
1426,0.009448379219160818,Low,0,1217.597,0
1427,0.4561368255981907,Medium,1,342.7905,0
1428,0.1224132976847767,Low,0,374.91700000000003,0
1429,0.03440467867037587,Low,0,446.1585,0
1430,0.12131942821914903,Low,0,214.5925,1
1431,0.027899229829262313,Low,0,537.9515,0
1432,0.02255057404118144,Low,0,1024.1174999999998,0
1433,0.10151830796126941,Low,0,425.396,0
1434,0.023231561875913184,Low,0,380.904,0
1435,0.06344736683973723,Low,0,1053.1165,0
1436,0.04863272587152161,Low,0,452.4515,0
1437,0.9061626070450397,High,1,452.22249999999997,0
1438,0.09189143542270416,Low,0,990.6804999999999,1
1439,0.03523085006839113,Low,0,774.6120000000001,0
1440,0.04160617597854008,Low,0,456.56050000000005,0
1441,0.03769840337616812,Low,0,950.8520000000001,0
1442,0.023764117978242388,Low,0,504.02700000000004,0
1443,0.10103035580239861,Low,0,1007.3025,0
1444,0.492658864905836,Medium,1,978.083,0
1445,0.036725819503119525,Low,0,427.6545,0
1446,0.10517758796536684,Low,0,698.2325000000001,0
1447,0.02308734598959235,Low,0,391.182,0
1448,0.04230344157235177,Low,0,730.063,0
1449,0.0832416734934438,Low,0,730.9945,0
1450,0.0028703056157773268,Low,0,515.4395,0
1451,0.010292531063386718,Low,0,613.9875,0
1452,0.028091192726741855,Low,0,962.6834999999999,0
1453,0.04629024998126059,Low,0,709.8154999999999,0
1454,0.7272393124243725,High,1,358.368,0
1455,0.014256115397749609,Low,0,543.22,0
1456,0.09440678815988175,Low,0,292.043,0
1457,0.006043099363414806,Low,0,359.04150000000004,0
1458,0.04306607833211974,Low,0,869.5799999999999,0
1459,0.010388966274584717,Low,0,422.582,0
1460,0.022814897159000827,Low,0,388.2545,0
1461,0.040655211607787664,Low,0,460.58899999999994,0
1462,0.11699336395396501,Low,0,363.926,0
1463,0.1749784314226493,Low,0,361.597,0
1464,0.36948894147998357,Medium,1,463.9525,0
1465,0.008779709322752453,Low,0,648.7455,0
1466,0.009881970892866743,Low,0,918.788,0
1467,0.024600173348607327,Low,0,370.39,0
1468,0.06126938845115611,Low,0,540.9875,0
1469,0.9460532272840976,High,1,530.1205,1
1470,0.00210284806070394,Low,0,471.3665,0
1471,0.014811101989141639,Low,0,428.349,0
1472,0.07176186431191428,Low,0,506.01599999999996,0
1473,0.9101347683648237,High,1,456.9645,1
1474,0.21153085037968627,Low,0,414.44849999999997,0
1475,0.02099749058958054,Low,0,458.022,0
1476,0.04728413090367925,Low,0,401.057,0
1477,0.04301360138025221,Low,0,395.235,0
1478,0.5974586063391365,High,1,650.5645,1
1479,0.1850388157521938,Low,0,1061.2965,1
1480,0.037641108433453294,Low,0,447.4,0
1481,0.012840709596152937,Low,0,574.758,0
1482,0.05805937108888854,Low,0,570.476,0
1483,0.002234170142012157,Low,0,970.9315,0
1484,0.023319966900826813,Low,0,589.9135,0
1485,0.041099488633611306,Low,0,276.9805,0
1486,0.010356360311282687,Low,0,371.5715,0
1487,0.08875689517117863,Low,0,375.795,0
1488,0.062433781737862806,Low,0,557.1669999999999,0
1489,0.014028766839603064,Low,0,462.91100000000006,0
1490,0.09946435073090609,Low,0,1524.9655,0
1491,0.13832236890067479,Low,0,825.4345,0
1492,0.04653033392515936,Low,0,646.2465,0
1493,0.5026537180245044,High,1,321.616,0
1494,0.056367234729522195,Low,0,409.4935,0
1495,0.07237872747941757,Low,0,1067.601,0
1496,0.07266002853082813,Low,0,616.8575,0
1497,0.951941923276447,High,1,553.1675,0
1498,0.035951855819914336,Low,0,729.837,0
1499,0.12797690311075544,Low,0,337.887,0
1500,0.030922304641940995,Low,0,1112.3975,0
1501,0.0,Low,0,375.2025,0
1502,0.43706811039846105,Medium,1,253.17000000000002,0
1503,0.1565868636677369,Low,0,348.87649999999996,0
1504,0.9684460371476146,High,1,369.7425,1
1505,0.0018986289987536354,Low,0,579.747,0
1506,0.008166121121077547,Low,0,403.491,0
1507,0.4088063625989602,Medium,1,330.00350000000003,0
1508,0.06569858711529439,Low,0,1793.1565,0
1509,0.07243747541685633,Low,0,544.5945,0
1510,0.04488352187138812,Low,0,495.5095,0
1511,0.1340405646476277,Low,0,1454.154,0
1512,0.027376597570030838,Low,0,337.0315,0
1513,0.03266042229161011,Low,0,987.897,0
1514,0.01093993894747465,Low,0,632.5640000000001,0
1515,0.05887633070614818,Low,0,900.135,0
1516,0.006103479665558664,Low,0,333.49699999999996,0
1517,0.02544135460952489,Low,0,526.7205,0
1518,0.024013565314303747,Low,0,852.135,0
1519,0.050589335009479215,Low,0,562.501,0
1520,0.05038431555118776,Low,0,503.93449999999996,0
1521,0.002280512437397969,Low,0,430.5385,0
1522,0.14286728490404343,Low,0,800.7305,0
1523,0.11245187186735478,Low,0,553.5145,0
1524,0.4852731069779087,Medium,1,753.3995,0
1525,0.0460224836818288,Low,0,413.3395,0
1526,0.018225956822734684,Low,0,976.175,0
1527,0.07594055531963093,Low,0,602.3735,0
1528,0.28126318142004764,Medium,1,736.5475,1
1529,0.018626760326263567,Low,0,399.485,0
1530,0.13952569908477438,Low,0,475.4235,0
1531,0.311605596522901,Medium,1,650.337,0
1532,0.01041574638824024,Low,0,1586.6025,0
1533,0.3158832281285137,Medium,1,1364.524,0
1534,0.006508036904420269,Low,0,484.43449999999996,0
1535,0.07414036735388639,Low,0,506.45000000000005,0
1536,0.1462662647707134,Low,0,416.495,0
1537,0.7541850745208838,High,1,530.985,1
1538,0.021959093943623078,Low,0,576.6759999999999,0
1539,0.029360178237249422,Low,0,744.6465000000001,0
1540,0.012435871522940805,Low,0,473.858,0
1541,0.4112170338177961,Medium,1,958.8154999999999,1
1542,0.02553256532809303,Low,0,898.6859999999999,0
1543,0.10320074002149847,Low,0,413.8555,0
1544,0.08561465719896176,Low,0,589.441,0
1545,0.10381014955023592,Low,0,468.026,0
1546,0.06713769176943378,Low,0,480.7425,0
1547,0.03574201383928377,Low,0,1007.0139999999999,0
1548,0.024238777711319208,Low,0,489.438,0
1549,0.22034767684401724,Low,0,740.553,0
1550,0.042335671478104006,Low,0,672.7395,0
1551,0.0015729757607013928,Low,0,483.062,0
1552,0.06185243211530301,Low,0,689.1655000000001,0
1553,0.042228200373212094,Low,0,2084.1394999999998,0
1554,0.048765543008211946,Low,0,439.2015,0
1555,0.0,Low,0,394.92,0
1556,0.04936546041274803,Low,0,368.2375,0
1557,0.004862936689356781,Low,0,336.6175,0
1558,0.5916514543154302,High,1,579.746,0
1559,0.04322569623321984,Low,0,321.33050000000003,0
1560,0.4188272888935327,Medium,1,639.069,1
1561,0.010692677436121288,Low,0,433.92900000000003,0
1562,0.03399557235359807,Low,0,735.633,0
1563,0.024719122061364937,Low,0,814.4375,0
1564,0.002490292440237835,Low,0,649.371,0
1565,0.05555920658990657,Low,0,566.1415,0
1566,0.03517689628604026,Low,0,1367.0165,0
1567,0.08898614268559124,Low,0,874.227,0
1568,0.08112161999456678,Low,0,627.0215000000001,0
1569,0.04838771708851743,Low,0,685.505,0
1570,0.09442446077029339,Low,0,1405.4295,1
1571,0.041563140257448,Low,0,949.309,0
1572,0.037594507087246355,Low,0,791.731,0
1573,0.015801177760135836,Low,0,828.2819999999999,0
1574,0.04245376567212048,Low,0,611.0855,0
1575,0.13320784525002424,Low,0,385.42,0
1576,0.20260020936399542,Low,0,666.6135,0
1577,0.0099649303773757,Low,0,711.4069999999999,0
1578,0.004185703471306397,Low,0,462.036,0
1579,0.12204322045266668,Low,0,456.8145,0
1580,0.040874221710936,Low,0,801.319,1
1581,0.003180577336353604,Low,0,400.733,0
1582,0.02010505700372913,Low,0,431.83450000000005,0
1583,0.09340040628729734,Low,0,1245.3135,0
1584,0.8184522212437412,High,1,880.8109999999999,1
1585,0.01584568776538658,Low,0,374.7445,0
1586,0.03457421141845132,Low,0,963.735,0
1587,0.05422450558494044,Low,0,1385.077,0
1588,0.1317850284313501,Low,0,684.1285,0
1589,0.7242763903894758,High,1,524.582,1
1590,0.3576664638710805,Medium,1,590.8745,0
1591,0.8111230359053314,High,1,404.457,0
1592,0.036638051103834515,Low,0,890.326,0
1593,0.010917483093452156,Low,0,412.5535,0
1594,0.1330751761582842,Low,0,664.4935,0
1595,0.05927735051278057,Low,0,1282.1975,0
1596,0.10409033819013103,Low,0,553.8435,0
1597,0.02729102719819891,Low,0,593.4365,0
1598,0.047832157549997485,Low,0,572.9905,0
1599,0.01617839022635804,Low,0,410.966,0
1600,0.055048670999507034,Low,0,949.014,0
1601,0.01677022342536964,Low,0,411.866,0
1602,0.016516134447933303,Low,0,1302.2755,0
1603,0.42024124241977234,Medium,1,319.6385,1
1604,0.011713587289515366,Low,0,316.3865,0
1605,0.04380849677582457,Low,0,470.439,0
1606,0.030322891028435873,Low,0,358.048,0
1607,0.07454344397424056,Low,0,441.1895,0
1608,0.09006641496544646,Low,0,815.021,0
1609,0.02282303448624551,Low,0,486.99649999999997,0
1610,0.0,Low,0,387.589,0
1611,0.02406508098809569,Low,0,579.235,0
1612,0.005412236777043455,Low,0,447.904,0
1613,0.007493088353528151,Low,0,621.3495,0
1614,0.29234364914982597,Medium,1,325.425,0
1615,0.006352723993828332,Low,0,413.8855,0
1616,0.03143860854710649,Low,0,392.358,0
1617,0.04457040791178148,Low,0,1044.481,0
1618,0.2859817652965923,Medium,1,391.40999999999997,0
1619,0.17063814195296628,Low,0,444.4635,0
1620,0.06552716846756064,Low,0,416.6295,0
1621,0.9846531854644646,High,1,393.8535,1
1622,0.07302677715183714,Low,0,395.1885,0
1623,0.03430679114304081,Low,0,940.5345,0
1624,0.026315779012439304,Low,0,682.6945000000001,0
1625,0.13147935312249884,Low,0,352.1855,0
1626,0.020506349545705377,Low,0,513.7719999999999,0
1627,0.1474341782784919,Low,0,1067.6995,0
1628,0.18761039018116202,Low,0,757.197,0
1629,0.01334759729094484,Low,0,625.0735,0
1630,0.009436638921018453,Low,0,381.4075,0
1631,0.5721326256424394,High,1,482.2495,1
1632,0.016449661128453242,Low,0,350.8095,0
1633,0.02785772822694895,Low,0,739.375,0
1634,0.047478779580736215,Low,0,656.3175000000001,0
1635,0.01257408023582555,Low,0,470.59749999999997,0
1636,0.09700279447172919,Low,0,492.00600000000003,0
1637,0.024453757891840015,Low,0,567.9795,0
1638,0.10506999418094098,Low,0,2098.9845,1
1639,0.4675757080081621,Medium,1,579.3330000000001,1
1640,0.11076473388716492,Low,0,348.926,0
1641,0.04228919169550454,Low,0,660.1815,0
1642,0.004536140771823533,Low,0,373.78499999999997,0
1643,0.016059350565779784,Low,0,634.2249999999999,0
1644,0.20538702928707858,Low,0,1121.1745,1
1645,0.021035112753929774,Low,0,358.332,0
1646,0.04197208364681187,Low,0,1051.5465,0
1647,0.2674512740336028,Medium,1,792.013,0
1648,0.006276942808859676,Low,0,552.2405,0
1649,0.03366118218683998,Low,0,1190.444,0
1650,0.0371462366065144,Low,0,792.995,0
1651,0.04491620243614756,Low,0,474.93050000000005,0
1652,0.8032068229194289,High,1,726.96,1
1653,0.11709326298496656,Low,0,319.9215,0
1654,0.05812323961779975,Low,0,476.96849999999995,0
1655,0.029724160345550126,Low,0,334.3165,0
1656,0.03310651389510413,Low,0,404.9905,0
1657,0.09351409332603303,Low,0,681.7035000000001,0
1658,0.01847745336691128,Low,0,563.0595000000001,0
1659,0.021998532137828018,Low,0,984.091,0
1660,0.9499498895360692,High,1,435.74199999999996,1
1661,0.3993381839680689,Medium,1,377.58349999999996,0
1662,0.053641962299653456,Low,0,552.7760000000001,0
1663,0.16325425653739678,Low,0,786.329,0
1664,0.04359420753124781,Low,0,762.0935,0
1665,0.41534215046783435,Medium,1,348.09749999999997,0
1666,0.10515321235854187,Low,0,734.8655,0
1667,0.03938407793742432,Low,0,982.3265,0
1668,0.01670980256364251,Low,0,478.1725,0
1669,0.2816187363646434,Medium,1,357.75,0
1670,0.04004115203337235,Low,0,859.8720000000001,0
1671,0.06216900771672402,Low,0,567.7965,0
1672,0.00812810499466113,Low,0,869.3145,0
1673,0.054375511755473255,Low,0,671.833,0
1674,0.3862642184845352,Medium,1,735.043,0
1675,0.15808372232530696,Low,0,487.818,0
1676,0.192100888571664,Low,0,836.7185,0
1677,0.11140545734272125,Low,0,1759.6644999999999,0
1678,0.033831208148947876,Low,0,312.9045,0
1679,0.01952421386816622,Low,0,883.8525,0
1680,0.022395945995707718,Low,0,774.079,0
1681,0.17186299078763556,Low,0,1376.7455,0
1682,0.024025968172990363,Low,0,482.4135,0
1683,0.14092168133294428,Low,0,749.635,0
1684,0.07526322740911465,Low,0,404.84000000000003,0
1685,0.01648594723393644,Low,0,413.8115,0
1686,0.5312533113401192,High,1,576.8515,1
1687,0.0,Low,0,354.20500000000004,0
1688,0.013199290720424165,Low,0,1216.0385,0
1689,0.01652475762375107,Low,0,673.6714999999999,0
1690,0.023733302554638586,Low,0,374.23249999999996,0
1691,0.9446868212058788,High,1,419.5235,1
1692,0.05265364426733603,Low,0,1346.4875,0
1693,0.16049381784461947,Low,0,498.69849999999997,0
1694,0.021603597276831463,Low,0,362.9675,0
1695,0.027344352714129598,Low,0,438.30899999999997,0
1696,0.10385642405711294,Low,0,819.499,0
1697,0.12434162970489757,Low,0,567.848,0
1698,0.031298284719198384,Low,0,529.5435,0
1699,0.010514539516781178,Low,0,453.86749999999995,0
1700,0.2726407743805186,Medium,1,477.37700000000007,0
1701,0.007650536284027377,Low,0,434.79200000000003,0
1702,0.013804140883947673,Low,0,335.6675,0
1703,0.01114078128060534,Low,0,495.996,0
1704,0.3684864074916801,Medium,1,894.482,0
1705,0.044189257703164585,Low,0,1367.2255,0
1706,0.03927476423768615,Low,0,491.1105,0
1707,0.02912933226364576,Low,0,959.9495,0
1708,0.05194082970040424,Low,0,830.7875,0
1709,0.008594281299349972,Low,0,392.52250000000004,0
1710,0.07377406121671781,Low,0,1007.5235,0
1711,0.024440957080409092,Low,0,454.707,0
1712,0.05536235675359374,Low,0,817.559,0
1713,0.09519193984338765,Low,0,714.569,0
1714,0.025263507794048363,Low,0,623.3485,0
1715,0.009598577091045358,Low,0,802.3924999999999,0
1716,0.016360326212393278,Low,0,784.6785,0
1717,0.016825943170146095,Low,0,1067.9825,0
1718,0.14331279467777888,Low,0,677.155,0
1719,0.057386000641720246,Low,0,892.6524999999999,0
1720,0.024243410363662725,Low,0,459.598,0
1721,0.09976113244799656,Low,0,637.574,0
1722,0.08366248140369162,Low,0,831.5799999999999,0
1723,0.1322028145947405,Low,0,384.6645,0
1724,0.07027001885193868,Low,0,457.9605,0
1725,0.0030996055561206613,Low,0,468.373,0
1726,0.06201051415700296,Low,0,326.306,0
1727,0.07365190781328511,Low,0,659.231,0
1728,0.012760273415710961,Low,0,417.75,0
1729,0.014030347727711504,Low,0,882.8409999999999,0
1730,0.07318701449629206,Low,0,1897.618,0
1731,0.047475500187594104,Low,0,355.2885,0
1732,0.17970060265857604,Low,0,422.312,0
1733,0.14638925929712718,Low,0,523.3035,0
1734,0.1489465001929209,Low,0,714.7135000000001,0
1735,0.019459687996304927,Low,0,315.8865,0
1736,0.13459426914464154,Low,0,575.144,0
1737,0.049808853293328126,Low,0,537.155,0
1738,0.047663775976071146,Low,0,983.7735,0
1739,0.011196928904240603,Low,0,922.8744999999999,0
1740,0.21774564934064647,Low,0,542.8575,0
1741,0.1466583316674492,Low,0,1191.1295,0
1742,0.9554548565325834,High,1,410.217,1
1743,0.07150070209220764,Low,0,882.5414999999999,0
1744,0.21951474953335742,Low,0,447.71950000000004,0
1745,0.1406450755400085,Low,0,370.11350000000004,0
1746,0.050889179192522414,Low,0,314.2125,0
1747,0.34908708464974536,Medium,1,512.4385,0
1748,0.017889161086186788,Low,0,272.3205,0
1749,0.9817732588297938,High,1,306.3935,1
1750,0.044202518971526675,Low,0,545.9825,0
1751,0.1050235343732381,Low,0,868.8785,0
1752,0.3263483012671561,Medium,1,343.919,0
1753,0.07955321746861947,Low,0,663.13,0
1754,0.01772333886607626,Low,0,281.4445,0
1755,0.06085959061708672,Low,0,942.15,0
1756,0.04125076257763784,Low,0,470.555,0
1757,0.0,Low,0,371.3045,0
1758,0.1229542861557121,Low,0,561.1400000000001,0
1759,0.0496839901156221,Low,0,407.53650000000005,0
1760,0.03798668117430046,Low,0,848.319,0
1761,0.11333676901936873,Low,0,926.7585,0
1762,0.04359894080995633,Low,0,362.59950000000003,0
1763,0.028316586347557002,Low,0,431.145,0
1764,0.05943199479260441,Low,0,1113.1825,0
1765,0.002403454838237447,Low,0,447.179,0
1766,0.004132643204607741,Low,0,345.70799999999997,0
1767,0.25063145696015793,Medium,1,982.354,1
1768,0.09191035058506081,Low,0,426.81,0
1769,0.051605793277710844,Low,0,992.1085,0
1770,0.35714180477395374,Medium,1,310.836,0
1771,0.0,Low,0,328.4275,0
1772,0.029237978842362095,Low,0,443.651,0
1773,0.06933749231234024,Low,0,1017.2355,0
1774,0.25851414308336795,Medium,1,163.622,0
1775,0.015732639434658635,Low,0,653.1679999999999,0
1776,0.2689024980303021,Medium,1,923.6185,1
1777,0.4269408977119653,Medium,1,985.212,0
1778,0.058635922765826604,Low,0,411.7425,0
1779,0.03053696233030971,Low,0,930.8885,0
1780,0.3887146704115097,Medium,1,412.82,0
1781,0.022769248649961476,Low,0,958.223,0
1782,0.1558754129902722,Low,0,288.8765,0
1783,0.0,Low,0,634.6465000000001,0
1784,0.02370188425326297,Low,0,370.4885,0
1785,0.08138624086332101,Low,0,557.734,0
1786,0.17195742836478045,Low,0,320.1395,0
1787,0.048709179122090544,Low,0,337.8445,0
1788,0.03734035999527794,Low,0,461.16,0
1789,0.013603683621071519,Low,0,106.72200000000001,0
1790,0.004323717864688998,Low,0,531.624,0
1791,0.01566301827268228,Low,0,375.134,0
1792,0.0023988304093567254,Low,0,680.972,0
1793,0.07016783551135213,Low,0,1276.6415,0
1794,0.024419479446963762,Low,0,415.63649999999996,0
1795,0.03929493506197559,Low,0,363.226,0
1796,0.011971546427575199,Low,0,375.672,0
1797,0.0024099495482811217,Low,0,542.8240000000001,0
1798,0.5283994651524722,High,1,381.0565,0
1799,0.06466881890213697,Low,0,1386.4845,0
1800,0.005120358387483722,Low,0,255.6675,0
1801,0.04193757946647443,Low,0,498.3835,0
1802,0.27253380258921606,Medium,1,544.9775,0
1803,0.04928737239565333,Low,0,393.98199999999997,0
1804,0.06771192153687956,Low,0,867.212,0
1805,0.05320636948530834,Low,0,485.525,0
1806,0.0,Low,0,780.8275000000001,0
1807,0.008470595607822054,Low,0,326.781,0
1808,0.016507773908962547,Low,0,387.9365,0
1809,0.033959645956746505,Low,0,518.677,0
1810,0.02683790740964107,Low,0,598.7005,0
1811,0.8635490742229555,High,1,358.8065,1
1812,0.5075462438734604,High,1,483.5085,0
1813,0.08735280969343447,Low,0,405.62,0
1814,0.025818913668081672,Low,0,612.774,0
1815,0.038680501929568366,Low,0,360.327,0
1816,0.014940639359156268,Low,0,784.251,0
1817,0.03846556717644129,Low,0,342.23,0
1818,0.20760956609269615,Low,0,426.4145,0
1819,0.021257232241165557,Low,0,669.674,0
1820,0.10394038804324005,Low,0,452.6515,0
1821,0.6496555344011986,High,1,863.502,0
1822,0.035875404250476466,Low,0,397.6315,0
1823,0.013129321949445225,Low,0,1501.1145000000001,0
1824,0.0031251524762137104,Low,0,374.17650000000003,0
1825,0.014792276355652468,Low,0,410.6595,0
1826,0.01884289139396084,Low,0,666.087,0
1827,0.03719310320336128,Low,0,795.251,0
1828,0.015324345732177686,Low,0,670.1514999999999,0
1829,0.03511271448349551,Low,0,573.654,0
1830,0.02578218733076802,Low,0,533.5515,0
1831,0.06302130164019035,Low,0,367.97249999999997,0
1832,0.07563380512201405,Low,0,578.8865000000001,0
1833,0.020127115181066472,Low,0,498.37649999999996,0
1834,0.0,Low,0,371.4285,0
1835,0.7579213650318469,High,1,347.486,1
1836,0.09236836021916066,Low,0,571.6385,0
1837,0.07570986385782759,Low,0,437.127,0
1838,0.08572229111577614,Low,0,4219.5055,0
1839,0.9716517680690724,High,1,470.138,1
1840,0.030735851970905136,Low,0,518.711,0
1841,0.11172555092534331,Low,0,575.6625,1
1842,0.08102103415474,Low,0,429.5935,0
1843,0.21711906807598813,Low,0,679.1745000000001,0
1844,0.055451076940734235,Low,0,461.83799999999997,0
1845,0.041579434151936594,Low,0,422.001,0
1846,0.061067502916908,Low,0,1693.4340000000002,0
1847,0.12989881056421285,Low,0,1582.353,0
1848,0.04721846125641593,Low,0,877.3165,0
1849,0.046480850723894004,Low,0,335.033,0
1850,0.06582823526183801,Low,0,686.037,0
1851,0.04395643301643537,Low,0,834.0975,0
1852,0.5923162785901731,High,1,397.0775,0
1853,0.18892777757530552,Low,0,1295.741,0
1854,0.11725071244348546,Low,0,1266.4589999999998,0
1855,0.11058288278042996,Low,0,4005.2145,0
1856,0.23844879979955783,Low,0,647.3275,0
1857,0.016792774982673182,Low,0,321.8965,0
1858,0.045721020337873744,Low,0,447.7025,0
1859,0.47387952936364014,Medium,1,770.4895,0
1860,0.05341202504442255,Low,0,326.1595,0
1861,0.016888538897953633,Low,0,380.619,0
1862,0.2778615711613181,Medium,1,1011.8375,0
1863,0.014173271945475146,Low,0,695.9905,0
1864,0.314214456025766,Medium,1,803.785,0
1865,0.06714832998674355,Low,0,412.4805,0
1866,0.1380761401806204,Low,0,531.4195,0
1867,0.3995715445395786,Medium,1,905.5935,1
1868,0.0672583370462231,Low,0,808.6565,0
1869,0.0470992141200598,Low,0,497.10699999999997,0
1870,0.0741845059367473,Low,0,1431.778,0
1871,0.8700799835263476,High,1,565.0695000000001,0
1872,0.03197415853876374,Low,0,389.496,0
1873,0.05041003442874695,Low,0,448.049,0
1874,0.06791981939178698,Low,0,372.34450000000004,0
1875,0.45466086153683627,Medium,1,699.5245,0
1876,0.0505846281993831,Low,0,310.655,0
1877,0.0021494109060577627,Low,0,547.2245,0
1878,0.03966808400642499,Low,0,410.817,0
1879,0.21371703094458228,Low,0,2568.053,0
1880,0.011960242277643559,Low,0,379.806,0
1881,0.010974802547549383,Low,0,516.505,0
1882,0.06399377521323317,Low,0,360.796,0
1883,0.043287400870891876,Low,0,395.52099999999996,0
1884,0.03984066810692253,Low,0,469.76,0
1885,0.004343237611847238,Low,0,505.9205,0
1886,0.0029579187881186696,Low,0,694.0029999999999,0
1887,0.02215724563135517,Low,0,355.8125,0
1888,0.04313607045691691,Low,0,1903.954,0
1889,0.005680483576556104,Low,0,392.159,0
1890,0.7898741658485334,High,1,819.173,1
1891,0.012517735877667352,Low,0,697.871,0
1892,0.008355430680096712,Low,0,437.342,0
1893,0.04196574874700963,Low,0,379.7015,0
1894,0.3932339867829536,Medium,1,444.546,0
1895,0.010251199618606623,Low,0,410.474,0
1896,0.015193564253965685,Low,0,425.172,0
1897,0.19775172990542836,Low,0,508.682,0
1898,0.06114556322883948,Low,0,672.8755,0
1899,0.047573477175413346,Low,0,343.651,0
1900,0.1637130617896822,Low,0,306.233,0
1901,0.08649000718359481,Low,0,343.315,0
1902,0.23724514628426335,Low,0,494.58450000000005,0
1903,0.040811393644046935,Low,0,1050.2579999999998,0
1904,0.02270956266225886,Low,0,874.8145,0
1905,0.0872211862185439,Low,0,938.4945,0
1906,0.0,Low,0,334.1315,0
1907,0.022949613776915873,Low,0,459.1085,0
1908,0.03568827117260308,Low,0,574.3485000000001,0
1909,0.029262308092095596,Low,0,368.66949999999997,0
1910,0.038062603469601906,Low,0,492.5105,0
1911,0.07746271921074661,Low,0,470.091,0
1912,0.0065962992948570935,Low,0,698.9375,0
1913,0.007230955754543752,Low,0,550.203,0
1914,0.03694124211222927,Low,0,474.175,0
1915,0.0020004136856962085,Low,0,445.59799999999996,0
1916,0.03605933936336782,Low,0,788.8215,0
1917,0.08596066863338389,Low,0,1391.7984999999999,0
1918,0.08253267917762849,Low,0,476.821,0
1919,0.04049650649208311,Low,0,331.952,0
1920,0.02502306005925745,Low,0,611.9399999999999,0
1921,0.022976656246203746,Low,0,354.68600000000004,0
1922,0.08126466487097002,Low,0,454.6145,0
1923,0.0943238530618586,Low,0,793.2525,0
1924,0.019811388147089107,Low,0,345.08500000000004,0
1925,0.014595148540595418,Low,0,447.615,0
1926,0.022360808170127335,Low,0,426.1155,0
1927,0.10861334906732502,Low,0,567.4145,0
1928,0.22337595859390058,Low,0,589.7370000000001,0
1929,0.03270317043463157,Low,0,339.745,0
1930,0.8350000511334791,High,1,546.884,1
1931,0.02736487265250932,Low,0,463.02599999999995,0
1932,0.4847551190178842,Medium,1,668.8545,1
1933,0.081136343722461,Low,0,369.071,0
1934,0.04823846037663505,Low,0,421.254,0
1935,0.3115725766470827,Medium,1,673.8465,1
1936,0.005577063315326328,Low,0,559.7035000000001,0
1937,0.07291088281080783,Low,0,351.5055,0
1938,0.4693694139560687,Medium,1,405.04499999999996,0
1939,0.06444403783524662,Low,0,804.7584999999999,0
1940,0.05084364334472666,Low,0,472.7065,0
1941,0.011904869386515252,Low,0,452.6735,0
1942,0.1706520203988802,Low,0,357.179,0
1943,0.039344987780067,Low,0,509.1775,0
1944,0.2840377566292801,Medium,1,376.9955,0
1945,0.008207213575814543,Low,0,323.365,0
1946,0.04096129482054089,Low,0,525.6155,0
1947,0.7199582755273559,High,1,768.4385,0
1948,0.009800380356578663,Low,0,437.0965,0
1949,0.08270626407957181,Low,0,407.26,0
1950,0.06751938792780343,Low,0,570.115,0
1951,0.2908837576976053,Medium,1,2082.559,0
1952,0.028617486233021183,Low,0,554.4355,0
1953,0.07062634370378608,Low,0,612.0975,0
1954,0.1476130113256426,Low,0,501.0305,0
1955,0.0074825282636854715,Low,0,549.385,0
1956,0.30023271213616515,Medium,1,356.674,1
1957,0.1970611329068092,Low,0,715.312,0
1958,0.0693635384598541,Low,0,380.7645,0
1959,0.07266892773434046,Low,0,468.2755,0
1960,0.6050839657994633,High,1,520.4784999999999,1
1961,0.015308185563813964,Low,0,647.575,0
1962,0.3359255056115978,Medium,1,884.0925,0
1963,0.0,Low,0,513.927,0
1964,0.04179675033039209,Low,0,462.4315,0
1965,0.026542521195217172,Low,0,1902.382,0
1966,0.01762993075011718,Low,0,404.5015,0
1967,0.02958370071651321,Low,0,542.3135,0
1968,0.0285597941363129,Low,0,308.91949999999997,0
1969,0.23210636564361853,Low,0,682.7249999999999,0
1970,0.1271151944456371,Low,0,528.552,1
1971,0.007831871495825007,Low,0,373.22450000000003,0
1972,0.02088067689442443,Low,0,743.482,0
1973,0.16028786269118198,Low,0,692.0005,0
1974,0.06658867896888385,Low,0,319.3635,0
1975,0.9074875096255549,High,1,627.9314999999999,1
1976,0.04875399953162688,Low,0,367.6675,0
1977,0.02419259807129513,Low,0,439.88,0
1978,0.15350935458153595,Low,0,1342.767,0
1979,0.9286555960407996,High,1,533.529,0
1980,0.1729361323218732,Low,0,824.8605,0
1981,0.0,Low,0,266.16700000000003,0
1982,0.9797178945973356,High,1,380.947,1
1983,0.12519888713729002,Low,0,408.452,0
1984,0.7302539275327514,High,1,314.7685,0
1985,0.06505356472212499,Low,0,622.5070000000001,0
1986,0.7430997918294446,High,1,344.2495,1
1987,0.008025943935994978,Low,0,380.356,0
1988,0.019748706158596453,Low,0,356.7825,0
1989,0.1423693826405285,Low,0,539.7605,0
1990,0.16008587481184727,Low,0,899.6855,0
1991,0.0,Low,0,637.7955,0
1992,0.6258687633768293,High,1,971.366,1
1993,0.01845286409677465,Low,0,595.157,0
1994,0.077469633806631,Low,0,614.7985,0
1995,0.02067105343097562,Low,0,742.2384999999999,0
1996,0.013225500224144543,Low,0,383.3535,0
1997,0.946325970916928,High,1,25.237,1
1998,0.016980779281428614,Low,0,857.6535,0
1999,0.036491939108063004,Low,0,484.7295,0
2000,0.04806816233823556,Low,0,764.465,0
2001,0.0108180324982792,Low,0,337.09749999999997,0
2002,0.016381912408117216,Low,0,450.97950000000003,0
2003,0.5589113302633566,High,1,571.831,0
2004,0.018914697803202273,Low,0,566.2705,0
2005,0.06873135132648307,Low,0,983.261,0
2006,0.014978237962426038,Low,0,363.4225,0
2007,0.07053022497926453,Low,0,772.1289999999999,0
2008,0.01792710185157726,Low,0,506.24800000000005,0
2009,0.018072467188129653,Low,0,341.164,0
2010,0.19913901357214042,Low,0,498.4,0
2011,0.03765234968707384,Low,0,338.2905,0
2012,0.19304509528631952,Low,0,391.5145,0
2013,0.015156065035210744,Low,0,854.8755,0
2014,0.011709729489266305,Low,0,911.134,0
2015,0.01514944961349955,Low,0,1564.1585,0
2016,0.9729053401829773,High,1,661.4454999999999,1
2017,0.9066935103568132,High,1,612.6155,1
2018,0.14349858754516132,Low,0,337.58000000000004,0
2019,0.00345157762199039,Low,0,1049.325,0
2020,0.009320491943289043,Low,0,269.324,0
2021,0.0,Low,0,463.11850000000004,0
2022,0.11466610952335406,Low,0,496.7925,0
2023,0.0586275464727238,Low,0,321.829,0
2024,0.0750783201866708,Low,0,798.8845,0
2025,0.017680692770510962,Low,0,334.513,0
2026,0.1652467677176112,Low,0,1075.3835,0
2027,0.08939191323561692,Low,0,1007.1034999999999,0
2028,0.8555022584956995,High,1,378.981,1
2029,0.0648834469263458,Low,0,395.432,0
2030,0.1419931953647622,Low,0,322.8785,0
2031,0.01798659491933768,Low,0,441.0265,0
2032,0.04935111346798898,Low,0,396.01149999999996,0
2033,0.02823464692188431,Low,0,588.448,0
2034,0.023443123468651083,Low,0,483.072,0
2035,0.04184294112903704,Low,0,387.549,0
2036,0.05576603224591021,Low,0,326.5825,0
2037,0.033855796546301324,Low,0,1066.8235,0
2038,0.32142546743714334,Medium,1,324.6005,0
2039,0.04372696441205638,Low,0,733.2705,0
2040,0.18506657397175896,Low,0,387.00350000000003,0
2041,0.04018562322896115,Low,0,380.855,0
2042,0.1364874033260407,Low,0,463.73150000000004,0
2043,0.22808722903398806,Low,0,467.365,0
2044,0.05370300551211476,Low,0,416.553,0
2045,0.01878395646341172,Low,0,483.365,0
2046,0.04683140834198683,Low,0,1508.579,0
2047,0.0625255609183875,Low,0,645.9055000000001,0
2048,0.02752588933031945,Low,0,453.1275,0
2049,0.019144618081775977,Low,0,526.2215,0
2050,0.09640141045013464,Low,0,504.3595,0
2051,0.07534675939913067,Low,0,701.2685,0
2052,0.05311024741907909,Low,0,396.416,0
2053,0.06056004491666781,Low,0,342.071,0
2054,0.0570184265777531,Low,0,435.877,0
2055,0.019189077239538048,Low,0,385.66949999999997,0
2056,0.020062782718404667,Low,0,337.171,0
2057,0.01798430818345488,Low,0,420.778,0
2058,0.10816172676633738,Low,0,425.405,0
2059,0.010263769416197005,Low,0,362.93899999999996,0
2060,0.08902173221356843,Low,0,193.4235,0
2061,0.8905804465138601,High,1,356.4735,1
2062,0.02003098786484941,Low,0,314.555,0
2063,0.00870480599022078,Low,0,292.92150000000004,0
2064,0.06554845479228537,Low,0,402.969,0
2065,0.04610428751917586,Low,0,448.31399999999996,0
2066,0.16727442972015102,Low,0,377.8655,0
2067,0.018228904687350053,Low,0,584.259,0
2068,0.021749219220612057,Low,0,255.39350000000002,0
2069,0.008494785085575565,Low,0,376.101,0
2070,0.5278857505513558,High,1,1162.2665,0
2071,0.02743301154559397,Low,0,356.826,0
2072,0.3845250341194805,Medium,1,359.9605,0
2073,0.01590729804490998,Low,0,1129.642,0
2074,0.01199445770337727,Low,0,363.73749999999995,0
2075,0.0762311374908355,Low,0,525.7945,0
2076,0.9405656245354167,High,1,394.9875,1
2077,0.9283990717001916,High,1,785.9695,1
2078,0.03772438088540261,Low,0,628.6775,0
2079,0.009759779074934666,Low,0,550.2125000000001,0
2080,0.02541934420283624,Low,0,661.1755,0
2081,0.07804830014289152,Low,0,520.6925,0
2082,0.28394157203228376,Medium,1,391.911,0
2083,0.002115686728991218,Low,0,508.835,0
2084,0.043886407644431046,Low,0,628.548,0
2085,0.3648120112641375,Medium,1,461.377,1
2086,0.028048316042961586,Low,0,566.219,0
2087,0.9932559002710091,High,1,910.3765,1
2088,0.060275438451982334,Low,0,403.2675,0
2089,0.09635178982310212,Low,0,422.4955,0
2090,0.021515957490883777,Low,0,340.8105,0
2091,0.0997251996066367,Low,0,843.2155,0
2092,0.015469961691553813,Low,0,466.39799999999997,0
2093,0.8275071010399869,High,1,486.169,1
2094,0.010070555331375595,Low,0,525.3155,0
2095,0.24822902332912003,Medium,1,413.514,1
2096,0.44570755204515194,Medium,1,449.76649999999995,0
2097,0.01054682367976473,Low,0,373.206,0
2098,0.0790493114721333,Low,0,378.062,0
2099,0.0,Low,0,692.698,0
2100,0.014127668835990254,Low,0,520.5755,0
2101,0.04600288608277572,Low,0,1200.932,0
2102,0.27410655010345025,Medium,1,441.7745,0
2103,0.137560584463702,Low,0,395.211,0
2104,0.14671460152975282,Low,0,397.023,0
2105,0.09691086468222133,Low,0,606.0555,0
2106,0.12515765087395378,Low,0,322.642,0
2107,0.03865201392249573,Low,0,362.7425,0
2108,0.08001742729654188,Low,0,358.8195,0
2109,0.0030809050568673295,Low,0,455.30899999999997,0
2110,0.1787693666573585,Low,0,566.787,0
2111,0.024059015384250905,Low,0,576.6065,0
2112,0.032756436277640515,Low,0,360.5455,0
2113,0.05463987422701133,Low,0,614.4905,0
2114,0.005002816619811461,Low,0,280.202,0
2115,0.09262243607256103,Low,0,1007.143,0
2116,0.06363755812503608,Low,0,1308.8515,0
2117,0.03156399145494441,Low,0,455.5235,0
2118,0.03063741944022567,Low,0,772.51,0
2119,0.0820728119686728,Low,0,355.052,0
2120,0.11067056453088886,Low,0,372.50300000000004,0
2121,0.12224117829410351,Low,0,426.6135,0
2122,0.5851651718664277,High,1,520.413,1
2123,0.12826090885263375,Low,0,345.63750000000005,0
2124,0.05424201785318959,Low,0,372.409,0
2125,0.056305018650256014,Low,0,1662.0265,0
2126,0.2239216946963471,Low,0,889.0464999999999,0
2127,0.023934612415759438,Low,0,704.7205,0
2128,0.04978055334607128,Low,0,879.5375,0
2129,0.7475670020105605,High,1,1398.7735,1
2130,0.026355158396147636,Low,0,336.596,0
2131,0.007263548879996142,Low,0,468.2065,0
2132,0.01719125858785695,Low,0,892.4655,0
2133,0.04342348084225316,Low,0,349.6265,0
2134,0.14013447385040415,Low,0,644.166,0
2135,0.019006028564590507,Low,0,380.7185,0
2136,0.06692831005170384,Low,0,1205.4625,0
2137,0.005529137016881913,Low,0,742.8019999999999,0
2138,0.010554225233782662,Low,0,332.2665,0
2139,0.04319236209375653,Low,0,343.76800000000003,0
2140,0.21286474381746753,Low,0,581.0885,0
2141,0.9283206497629446,High,1,596.9725,1
2142,0.05478480748971505,Low,0,368.5665,0
2143,0.0433439355149997,Low,0,592.7015,0
2144,0.020942409176047262,Low,0,857.895,0
2145,0.13633786935418027,Low,0,368.3125,0
2146,0.031774230228717545,Low,0,587.4355,0
2147,0.0031135390800520277,Low,0,337.2905,0
2148,0.11564098094372958,Low,0,290.6405,0
2149,0.043113928178561876,Low,0,437.895,0
2150,0.4133681405969833,Medium,1,790.0815,0
2151,0.0021477602803068787,Low,0,754.1265,0
2152,0.6129929737451579,High,1,695.7615,0
2153,0.0,Low,0,701.6705,0
2154,0.04370723532134454,Low,0,309.284,0
2155,0.0808331924989534,Low,0,681.9265,0
2156,0.0748579601658957,Low,0,524.6655000000001,0
2157,0.033582850770008874,Low,0,512.721,0
2158,0.0592207582437803,Low,0,561.8475000000001,0
2159,0.006834231850015661,Low,0,542.658,0
2160,0.017615266948182877,Low,0,333.3065,0
2161,0.041718154071899674,Low,0,349.163,0
2162,0.007204654188530792,Low,0,383.679,0
2163,0.07901198279965929,Low,0,358.4655,0
2164,0.011926005826869156,Low,0,359.6865,0
2165,0.07543810892312477,Low,0,638.5464999999999,0
2166,0.045788203532218616,Low,0,1006.0625,0
2167,0.011801759821231184,Low,0,657.9295,0
2168,0.2111657128182028,Low,0,386.041,0
2169,0.05936359857733724,Low,0,675.922,0
2170,0.02366305588751468,Low,0,367.9885,0
2171,0.012732406260490228,Low,0,650.7315,0
2172,0.7869203934635384,High,1,342.4135,0
2173,0.12367287924808806,Low,0,663.5215000000001,0
2174,0.06715620320336342,Low,0,1351.3545,0
2175,0.04025250018509492,Low,0,533.7874999999999,0
2176,0.06467731960281521,Low,0,422.981,0
2177,0.06572770603092265,Low,0,2937.7065000000002,0
2178,0.4955023260933774,Medium,1,349.80150000000003,1
2179,0.030664375221900606,Low,0,317.397,0
2180,0.9522332309624172,High,1,444.0565,1
2181,0.019025376374200344,Low,0,322.541,0
2182,0.3874608514608569,Medium,1,1051.4234999999999,1
2183,0.7739767297672884,High,1,335.335,0
2184,0.1891881898159497,Low,0,1102.4455,0
2185,0.005606451699450428,Low,0,342.016,0
2186,0.09257642372104918,Low,0,668.3705,0
2187,0.1402439196604196,Low,0,353.6325,0
2188,0.10430753059520595,Low,0,2054.2015,0
2189,0.00958017850639309,Low,0,280.48900000000003,0
2190,0.09655206234456419,Low,0,434.6985,0
2191,0.9644782438751677,High,1,395.529,1
2192,0.0,Low,0,352.247,0
2193,0.0643863462184308,Low,0,1291.3249999999998,0
2194,0.8942707774453885,High,1,451.293,1
2195,0.05015396859913293,Low,0,578.5005,0
2196,0.008231608049938515,Low,0,455.4695,0
2197,0.024122361371477885,Low,0,364.4095,0
2198,0.007546475492130098,Low,0,908.7304999999999,0
2199,0.08163105107220113,Low,0,1191.5805,0
2200,0.11658908534775295,Low,0,345.83299999999997,0
2201,0.19653636983395567,Low,0,279.64099999999996,0
2202,0.10168420961951129,Low,0,616.0055,0
2203,0.022342552759074947,Low,0,557.2305,0
2204,0.01921596079540592,Low,0,303.649,0
2205,0.05573034987961318,Low,0,719.3595,0
2206,0.04883604900398137,Low,0,706.5419999999999,0
2207,0.15258245316555594,Low,0,499.28049999999996,0
2208,0.009233102196812126,Low,0,807.534,0
2209,0.02767592384454972,Low,0,531.332,0
2210,0.009679344228873609,Low,0,533.8835,0
2211,0.028726278870644415,Low,0,835.606,0
2212,0.09737485616917355,Low,0,353.04,0
2213,0.01290070612740715,Low,0,422.9905,0
2214,0.368334734070775,Medium,1,477.4615,0
2215,0.006801471316529641,Low,0,449.389,0
2216,0.03562955530961194,Low,0,735.9975,0
2217,0.019046540362841938,Low,0,330.4905,0
2218,0.026860286710278528,Low,0,926.4875,0
2219,0.052236969491048675,Low,0,624.3620000000001,0
2220,0.5862101233368932,High,1,479.4615,0
2221,0.039984782640630205,Low,0,444.1765,0
2222,0.10581397270312654,Low,0,437.5625,0
2223,0.05034902551502152,Low,0,362.41049999999996,0
2224,0.06617734319063452,Low,0,608.6465000000001,1
2225,0.3393868788076481,Medium,1,324.86,0
2226,0.04616886626101214,Low,0,549.0775000000001,0
2227,0.061410353561015235,Low,0,847.7895,0
2228,0.0024002164597136297,Low,0,553.5,0
2229,0.047395116038368476,Low,0,758.06,0
2230,0.011350487503315045,Low,0,316.213,0
2231,0.022616406821287623,Low,0,669.4325,0
2232,0.22047155701793889,Low,0,698.4815,0
2233,0.09302831930605579,Low,0,315.634,0
2234,0.030630213646506525,Low,0,716.4225,0
2235,0.07724981271958004,Low,0,859.771,0
2236,0.0050666963967107475,Low,0,1176.489,0
2237,0.014630491946589877,Low,0,567.81,0
2238,0.04459695703601918,Low,0,342.8455,0
2239,0.2511366679894628,Medium,1,551.9580000000001,0
2240,0.08010826767372557,Low,0,558.871,0
2241,0.035392402687699304,Low,0,1243.7655,0
2242,0.014296525769807287,Low,0,405.734,0
2243,0.23076424998797299,Low,0,784.837,0
2244,0.08970022616326698,Low,0,1010.4715000000001,0
2245,0.029266106309104575,Low,0,787.269,0
2246,0.20335157519112737,Low,0,478.404,0
2247,0.06584874782676152,Low,0,487.51099999999997,0
2248,0.15930864446877,Low,0,367.94000000000005,0
2249,0.978485548007231,High,1,324.6445,1
2250,0.43272212425431034,Medium,1,378.585,1
2251,0.003426197020521493,Low,0,383.73400000000004,0
2252,0.04314949166601182,Low,0,365.70799999999997,0
2253,0.4358248178243136,Medium,1,349.2285,0
2254,0.005412406318210222,Low,0,388.621,0
2255,0.06595975986559134,Low,0,436.31,0
2256,0.7031899786308737,High,1,528.175,0
2257,0.03230452816306713,Low,0,401.0045,0
2258,0.05174507206960144,Low,0,773.9404999999999,0
2259,0.005880241139299889,Low,0,305.61199999999997,0
2260,0.08075855919140974,Low,0,414.48400000000004,0
2261,0.03406479220113972,Low,0,625.1310000000001,0
2262,0.11139480913094454,Low,0,398.1775,0
2263,0.018050603757340584,Low,0,465.93100000000004,0
2264,0.19913340580200292,Low,0,540.585,0
2265,0.03199678133252675,Low,0,448.947,0
2266,0.03270004363519872,Low,0,595.2025,0
2267,0.06378635833576997,Low,0,315.1995,0
2268,0.03966486765810177,Low,0,333.433,0
2269,0.976842339051608,High,1,422.9565,1
2270,0.016804645904252596,Low,0,501.366,0
2271,0.009112847061823153,Low,0,396.24249999999995,0
2272,0.07108898174686111,Low,0,1275.0525,0
2273,0.20764490749358006,Low,0,607.9085,0
2274,0.20548607756003515,Low,0,286.6145,0
2275,0.10313081594185526,Low,0,939.4675,0
2276,0.0,Low,0,325.52049999999997,0
2277,0.5648507855249435,High,1,308.87350000000004,0
2278,0.014569661110815823,Low,0,743.9515,0
2279,0.08333955408327827,Low,0,445.692,0
2280,0.01282466480774789,Low,0,341.116,0
2281,0.031174525604392784,Low,0,1082.3975,0
2282,0.06819756877654012,Low,0,572.26,0
2283,0.2080526295705914,Low,0,619.593,0
2284,0.04526897489889903,Low,0,432.31600000000003,0
2285,0.045144882132457556,Low,0,714.139,0
2286,0.04347787691789373,Low,0,873.971,0
2287,0.06147266255079508,Low,0,1264.2150000000001,1
2288,0.01017782197078157,Low,0,286.0135,0
2289,0.08257779771105678,Low,0,675.627,0
2290,0.9516056749810817,High,1,430.43,1
2291,0.0427761357808422,Low,0,567.129,0
2292,0.10926004643834475,Low,0,1773.3314999999998,0
2293,0.08653249985485587,Low,0,428.24350000000004,0
2294,0.027826116910071086,Low,0,556.108,0
2295,0.18531749599364827,Low,0,413.28749999999997,0
2296,0.09370668543678705,Low,0,314.927,0
2297,0.0201757249671299,Low,0,1025.2945,0
2298,0.030976467286044453,Low,0,832.557,0
2299,0.002234170142012157,Low,0,951.716,0
2300,0.22162407129394823,Low,0,525.5125,0
2301,0.07599743033020635,Low,0,449.11699999999996,0
2302,0.00540407564031091,Low,0,514.471,0
2303,0.0201333157798162,Low,0,525.0695000000001,0
2304,0.03181628804272527,Low,0,773.399,0
2305,0.2052406222640268,Low,0,874.567,0
2306,0.09476018538326805,Low,0,604.9214999999999,0
2307,0.029490885191540278,Low,0,320.1885,0
2308,0.06142053562140924,Low,0,529.3695,0
2309,0.3704975213967383,Medium,1,903.8885,0
2310,0.06463439406380167,Low,0,712.0285,0
2311,0.023661906130171242,Low,0,809.4195,0
2312,0.11278629451348164,Low,0,576.0025,0
2313,0.026174460064532824,Low,0,334.65,0
2314,0.10430119157492165,Low,0,626.4870000000001,0
2315,0.031321885846562515,Low,0,656.8435,0
2316,0.011258897499862556,Low,0,501.427,0
2317,0.01124544046560858,Low,0,1130.1745,0
2318,0.10920650896217443,Low,0,709.5375,0
2319,0.023567007721321944,Low,0,986.104,0
2320,0.021609402518399563,Low,0,250.3245,0
2321,0.10740154407463466,Low,0,404.8885,0
2322,0.07165408878606377,Low,0,1703.5945000000002,0
2323,0.04821272026991264,Low,0,795.3035,0
2324,0.03924680704561337,Low,0,436.199,0
2325,0.22429531891329305,Low,0,664.3685,0
2326,0.04448772251714557,Low,0,368.05899999999997,0
2327,0.23783210780850472,Low,0,336.533,1
2328,0.0644520633805811,Low,0,507.817,0
2329,0.014319015133744244,Low,0,598.434,0
2330,0.019561663543117894,Low,0,394.599,0
2331,0.004685933497860437,Low,0,676.2205,0
2332,0.016548613012976894,Low,0,494.8365,0
2333,0.2864017113375421,Medium,1,320.2465,0
2334,0.0,Low,0,431.154,0
2335,0.01681604478667697,Low,0,727.279,0
2336,0.15038056684378162,Low,0,552.473,0
2337,0.05208341523542276,Low,0,344.90250000000003,0
2338,0.0172348508141852,Low,0,471.42449999999997,0
2339,0.5256175566049044,High,1,680.8995,0
2340,0.1694860056471881,Low,0,353.164,0
2341,0.013762518001439199,Low,0,1497.145,0
2342,0.06225807754977022,Low,0,1240.9585,0
2343,0.036478324506942925,Low,0,457.7625,0
2344,0.010985065782499965,Low,0,540.882,0
2345,0.020542400341678063,Low,0,1296.262,0
2346,0.03328338783473587,Low,0,343.5135,0
2347,0.30835493052505925,Medium,1,353.105,0
2348,0.04456459098907814,Low,0,393.264,0
2349,0.038587322980550856,Low,0,700.197,0
2350,0.0024356985625433973,Low,0,582.4359999999999,0
2351,0.38608294189415093,Medium,1,640.8025,0
2352,0.29760182194712104,Medium,1,381.9595,0
2353,0.004379390441638972,Low,0,761.91,0
2354,0.07120022921906695,Low,0,791.892,0
2355,0.0860724996179104,Low,0,754.4590000000001,0
2356,0.3333990358672387,Medium,1,343.9125,0
2357,0.03423300964784761,Low,0,362.5485,0
2358,0.035127032933033,Low,0,358.069,0
2359,0.005162315718700339,Low,0,407.19100000000003,0
2360,0.07876603606551187,Low,0,400.619,0
2361,0.05599387756393527,Low,0,729.794,0
2362,0.030953423795690493,Low,0,998.4485,0
2363,0.03518972987656931,Low,0,505.938,0
2364,0.01846106088523459,Low,0,346.123,0
2365,0.12470431486604248,Low,0,511.53,0
2366,0.010455360092591697,Low,0,765.874,0
2367,0.011077956389640358,Low,0,1008.4925,0
2368,0.06714698054919212,Low,0,308.091,0
2369,0.050171033635152566,Low,0,727.6655000000001,0
2370,0.014065322520385738,Low,0,563.2175,0
2371,0.06130881756856132,Low,0,380.52549999999997,0
2372,0.06463346995595144,Low,0,541.8205,0
2373,0.045903861702413895,Low,0,396.6625,0
2374,0.32547040751651257,Medium,1,756.2719999999999,0
2375,0.038400296599187575,Low,0,830.4870000000001,0
2376,0.2646226738149838,Medium,1,594.6075000000001,0
2377,0.377368045834724,Medium,1,699.6595,0
2378,0.2524750985624463,Medium,1,1584.917,0
2379,0.025842805538956147,Low,0,375.09450000000004,0
2380,0.9453690293239435,High,1,489.7715,1
2381,0.0989810167389052,Low,0,382.4755,0
2382,0.01555176373308899,Low,0,377.9835,0
2383,0.05977583850365054,Low,0,653.2095,0
2384,0.0640894382052461,Low,0,516.5965,0
2385,0.013148613118759315,Low,0,577.2059999999999,0
2386,0.38896656576209826,Medium,1,366.7915,0
2387,0.04016911906615658,Low,0,449.6545,0
2388,0.08026562337779766,Low,0,452.4495,0
2389,0.12838725829614403,Low,0,567.241,0
2390,0.07395835040306607,Low,0,452.038,0
2391,0.10655817438675386,Low,0,598.742,0
2392,0.010405652262047356,Low,0,469.6395,0
2393,0.027347413113413866,Low,0,879.4124999999999,0
2394,0.07727271791599326,Low,0,1027.346,0
2395,0.11760960789671017,Low,0,515.3775,0
2396,0.005680608595073506,Low,0,392.9385,0
2397,0.22933006077613693,Low,0,413.226,0
2398,0.019946172630994366,Low,0,693.625,0
2399,0.3347743094989787,Medium,1,304.322,0
2400,0.02478882448736402,Low,0,493.881,0
2401,0.006954067449450075,Low,0,723.164,0
2402,0.05651167056616264,Low,0,499.7925,0
2403,0.036918074555813196,Low,0,596.719,0
2404,0.4902332929218425,Medium,1,992.438,1
2405,0.13615469287562468,Low,0,742.903,1
2406,0.07907787148993835,Low,0,1522.2269999999999,0
2407,0.1216463676169982,Low,0,418.22,0
2408,0.013173133624167513,Low,0,391.993,0
2409,0.03483652181373353,Low,0,337.582,0
2410,0.041009196451512055,Low,0,474.84450000000004,0
2411,0.0542330681601342,Low,0,910.1055,0
2412,0.7677537156310303,High,1,752.548,0
2413,0.07157814352132957,Low,0,328.7195,0
2414,0.013840649706152964,Low,0,364.942,0
2415,0.02178788607050676,Low,0,484.06649999999996,0
2416,0.28440061478936296,Medium,1,559.137,1
2417,0.07512648184235317,Low,0,324.49300000000005,0
2418,0.010390446949357403,Low,0,517.45,0
2419,0.24805534394199152,Medium,1,522.6245,0
2420,0.18645116050893887,Low,0,901.048,0
2421,0.061505844137325516,Low,0,351.572,0
2422,0.25217068975226375,Medium,1,348.422,1
2423,0.1049891294224953,Low,0,416.3325,0
2424,0.048575756034494814,Low,0,1120.201,0
2425,0.02957946469552791,Low,0,358.587,0
2426,0.0054115846022067884,Low,0,301.879,0
2427,0.004841846587165139,Low,0,489.755,0
2428,0.05422701881402863,Low,0,893.9095,0
2429,0.01928025253093787,Low,0,304.4645,0
2430,0.020355519058441997,Low,0,336.0105,0
2431,0.03652236666888818,Low,0,840.0455,0
2432,0.019432579523799398,Low,0,608.732,0
2433,0.04651897557964482,Low,0,884.676,0
2434,0.07379546840155404,Low,0,453.401,0
2435,0.04856761619227621,Low,0,306.74300000000005,0
2436,0.03881389599557525,Low,0,407.6655,0
2437,0.07830095407755795,Low,0,649.19,0
2438,0.23747965726115433,Low,0,4043.747,0
2439,0.20096142154362934,Low,0,350.4765,0
2440,0.3388612852982306,Medium,1,703.5305000000001,0
2441,0.1886847959310776,Low,0,486.89250000000004,0
2442,0.02040537482324318,Low,0,529.415,0
2443,0.015975695726420013,Low,0,506.1615,0
2444,0.12467226378154389,Low,0,1425.374,0
2445,0.02210395285015393,Low,0,280.43,0
2446,0.119262108480409,Low,0,749.3534999999999,0
2447,0.060411587224471076,Low,0,443.25300000000004,0
2448,0.0071170609632986185,Low,0,362.1375,0
2449,0.05901391109690261,Low,0,867.9200000000001,0
2450,0.2520658914840559,Medium,1,407.493,0
2451,0.08136741285645141,Low,0,371.687,0
2452,0.07131317440781695,Low,0,629.784,0
2453,0.06958724210273586,Low,0,779.3245,0
2454,0.013889465247727084,Low,0,508.2665,0
2455,0.04039679244589604,Low,0,799.9275,0
2456,0.17299569067992848,Low,0,288.913,0
2457,0.9280303564391477,High,1,766.2584999999999,1
2458,0.1625659854228581,Low,0,1090.0765000000001,0
2459,0.0,Low,0,400.02,1
2460,0.023087155199256033,Low,0,835.367,0
2461,0.003046206819948906,Low,0,362.1635,0
2462,0.05908768372507905,Low,0,549.343,0
2463,0.03235644712844158,Low,0,564.1925,0
2464,0.010107115341845633,Low,0,553.648,0
2465,0.04688330005774019,Low,0,991.892,0
2466,0.07785090248340994,Low,0,331.96950000000004,0
2467,0.04085057223345565,Low,0,1043.9175,0
2468,0.13106079572719465,Low,0,1711.132,0
2469,0.16508099557557152,Low,0,567.63,0
2470,0.1496274025901777,Low,0,571.944,0
2471,0.006014880685788852,Low,0,403.569,0
2472,0.004058275991773647,Low,0,334.67999999999995,0
2473,0.5983245316997531,High,1,465.62649999999996,1
2474,0.032138759606430804,Low,0,428.3825,0
2475,0.04257028331217087,Low,0,314.005,0
2476,0.09690418432269517,Low,0,885.6475,1
2477,0.11444498811728662,Low,0,1918.382,0
2478,0.11243728648832295,Low,0,710.3795,0
2479,0.029935654796246165,Low,0,352.279,0
2480,0.010238064863419384,Low,0,672.2615,0
2481,0.10389539080073941,Low,0,523.801,0
2482,0.37533619817853314,Medium,1,416.84900000000005,0
2483,0.014611676725681188,Low,0,746.9955,0
2484,0.0821229592080306,Low,0,273.722,0
2485,0.002823195541423052,Low,0,717.9445000000001,0
2486,0.04583206225197916,Low,0,350.23900000000003,0
2487,0.0074771414308430345,Low,0,1225.8365,0
2488,0.26508801508317653,Medium,1,569.0799999999999,0
2489,0.2897292111042903,Medium,1,405.756,0
2490,0.03128323110064503,Low,0,767.1510000000001,0
2491,0.05354142224796573,Low,0,464.997,0
2492,0.018415566341874103,Low,0,507.381,0
2493,0.00884758679578759,Low,0,389.74199999999996,0
2494,0.45549618359721694,Medium,1,551.5615,0
2495,0.13188542205282933,Low,0,520.71,0
2496,0.07729037421860592,Low,0,308.448,0
2497,0.27345710610017987,Medium,1,1125.8505,0
2498,0.06995190409851315,Low,0,509.286,0
2499,0.2683740549160987,Medium,1,549.3615,0
2500,0.11891645850825827,Low,0,977.6680000000001,0
2501,0.09014151465245837,Low,0,722.1345,0
2502,0.04340460204470047,Low,0,521.432,0
2503,0.12037543535265421,Low,0,422.9185,0
2504,0.61989425649705,High,1,661.7674999999999,1
2505,0.010239976255546493,Low,0,343.4265,0
2506,0.08019323379882955,Low,0,1708.054,0
2507,0.053333338849541966,Low,0,256.854,0
2508,0.03222100440668877,Low,0,565.792,0
2509,0.23311361330429373,Low,0,514.8205,0
2510,0.08819605901405336,Low,0,572.7565,0
2511,0.005336914034456476,Low,0,491.998,0
2512,0.03298849676426007,Low,0,727.5865,0
2513,0.0656999090199426,Low,0,235.7335,0
2514,0.11184384341843497,Low,0,450.194,0
2515,0.01231597189094242,Low,0,469.867,0
2516,0.12976077036837716,Low,0,494.0505,0
2517,0.17192712904471152,Low,0,1040.436,0
2518,0.4395421543308609,Medium,1,644.161,1
2519,0.011601973826143381,Low,0,331.933,0
2520,0.016352605045013145,Low,0,441.01250000000005,0
2521,0.356619882474172,Medium,1,484.431,1
2522,0.069978353089846,Low,0,480.02500000000003,0
2523,0.06950418661391373,Low,0,325.6685,0
2524,0.2935748966450167,Medium,1,405.7855,0
2525,0.8193656703757455,High,1,461.1705,0
2526,0.1645344139786856,Low,0,1359.4155,0
2527,0.0384160310343831,Low,0,579.1165000000001,0
2528,0.030081791357074034,Low,0,323.39,0
2529,0.0,Low,0,431.28700000000003,0
2530,0.007969283439685951,Low,0,470.411,0
2531,0.9044500163778554,High,1,464.25250000000005,1
2532,0.10966728040511342,Low,0,763.3485000000001,0
2533,0.2280677963718413,Low,0,1064.719,0
2534,0.06980395067581201,Low,0,661.318,0
2535,0.019114558461640025,Low,0,389.30899999999997,0
2536,0.20259312034675414,Low,0,450.123,0
2537,0.02739801657948071,Low,0,595.3695,0
2538,0.03547274609407489,Low,0,419.1015,0
2539,0.03425757114242128,Low,0,497.438,0
2540,0.05964960186856024,Low,0,514.7,0
2541,0.016299748754897696,Low,0,470.835,0
2542,0.039193894604747884,Low,0,417.847,0
2543,0.03926152269156819,Low,0,612.821,0
2544,0.15891608606890686,Low,0,538.051,0
2545,0.010171453546322944,Low,0,452.119,0
2546,0.10321284624322424,Low,0,1029.748,0
2547,0.020852987050725778,Low,0,814.1435,0
2548,0.1903981655634572,Low,0,637.0535,0
2549,0.05862585417556044,Low,0,353.83799999999997,0
2550,0.5169970898459372,High,1,1192.5259999999998,0
2551,0.27944096167269755,Medium,1,389.1405,0
2552,0.06445210906139537,Low,0,558.1965,0
2553,0.058657796983722685,Low,0,483.26149999999996,0
2554,0.05084206096492412,Low,0,499.483,0
2555,0.05497434050775136,Low,0,510.596,0
2556,0.04071711337519405,Low,0,332.1535,0
2557,0.0,Low,0,341.2685,0
2558,0.07418347681432388,Low,0,527.1465000000001,0
2559,0.09503963238057812,Low,0,653.3530000000001,0
2560,0.08733852648778331,Low,0,357.0915,0
2561,0.09095450179251104,Low,0,468.69000000000005,0
2562,0.01655793470265419,Low,0,574.8330000000001,0
2563,0.027199789385823625,Low,0,468.249,0
2564,0.06958864781059629,Low,0,489.203,0
2565,0.0407202519118897,Low,0,959.141,0
2566,0.05434850920002281,Low,0,856.5999999999999,0
2567,0.08241805193359707,Low,0,1375.5390000000002,0
2568,0.049149318885723305,Low,0,523.716,0
2569,0.1758002060483306,Low,0,354.10699999999997,0
2570,0.19924503433436208,Low,0,386.787,0
2571,0.02974434319051015,Low,0,551.9625,0
2572,0.19562263993459927,Low,0,474.496,0
2573,0.0067660995303420535,Low,0,329.70849999999996,0
2574,0.22224052551856066,Low,0,1591.9740000000002,1
2575,0.06245757449030042,Low,0,824.656,0
2576,0.0247404854944556,Low,0,706.6305,0
2577,0.052433363396436894,Low,0,411.5935,0
2578,0.01205928880368035,Low,0,658.52,0
2579,0.004920776188894439,Low,0,530.1514999999999,0
2580,0.0055006065664552715,Low,0,425.63599999999997,0
2581,0.049898741336648594,Low,0,348.3705,0
2582,0.01431405271248889,Low,0,621.57,0
2583,0.3119354572934219,Medium,1,886.35,1
2584,0.01613648449490061,Low,0,572.691,0
2585,0.044643996812454845,Low,0,400.6935,0
2586,0.010141138031898545,Low,0,391.914,0
2587,0.01628808008703809,Low,0,394.9005,0
2588,0.09001503276540165,Low,0,845.2315,0
2589,0.05367784316303988,Low,0,872.7,0
2590,0.09237195519017433,Low,0,365.423,0
2591,0.034526936705464056,Low,0,379.3115,0
2592,0.29594332792925293,Medium,1,952.2284999999999,0
2593,0.010923079278672065,Low,0,734.5785,0
2594,0.5479710049207107,High,1,354.758,0
2595,0.01983801308122433,Low,0,462.9685,0
2596,0.03122197574018317,Low,0,389.181,0
2597,0.007223684367130832,Low,0,784.2455,0
2598,0.012051353252358591,Low,0,556.7405,0
2599,0.0636048911494287,Low,0,701.9435,0
2600,0.029437577542165094,Low,0,503.2935,0
2601,0.01926254938986064,Low,0,433.3365,0
2602,0.0719132515701965,Low,0,2820.3315000000002,0
2603,0.012360845947367012,Low,0,389.112,0
2604,0.027574357401645055,Low,0,387.173,0
2605,0.9756980658699592,High,1,424.0275,0
2606,0.03350269033430711,Low,0,627.5039999999999,0
2607,0.005401902673056838,Low,0,371.488,0
2608,0.9771080811708037,High,1,684.5705,1
2609,0.2883289955596648,Medium,1,645.896,0
2610,0.3087039937034767,Medium,1,555.579,0
2611,0.12491228843301248,Low,0,1287.254,0
2612,0.0106953505403851,Low,0,428.83349999999996,0
2613,0.8098225684316344,High,1,450.135,0
2614,0.013551058230561712,Low,0,409.149,0
2615,0.010482308800836988,Low,0,275.4675,0
2616,0.1049728986591782,Low,0,387.2475,0
2617,0.049122649971626964,Low,0,497.10350000000005,0
2618,0.1966494662986776,Low,0,669.002,0
2619,0.022870224746466345,Low,0,384.8945,0
2620,0.2426584026041767,Medium,1,535.4255,0
2621,0.060954214201617535,Low,0,438.0905,0
2622,0.02621544517105807,Low,0,851.117,0
2623,0.10647652626983518,Low,0,396.496,0
2624,0.7227466526891927,High,1,274.6895,1
2625,0.5823910400580098,High,1,787.3515,1
2626,0.02214266655127223,Low,0,511.83000000000004,0
2627,0.10005852468540748,Low,0,1203.7645,0
2628,0.018456109324750804,Low,0,303.6595,0
2629,0.7116102445120912,High,1,846.902,0
2630,0.013833976403148792,Low,0,517.8405,0
2631,0.2778173235073947,Medium,1,421.56,0
2632,0.05133441818941879,Low,0,407.03700000000003,0
2633,0.033174043869631756,Low,0,475.3675,0
2634,0.034900709758431896,Low,0,426.6805,0
2635,0.08224843915163538,Low,0,2768.816,0
2636,0.0020235727440147326,Low,0,556.171,0
2637,0.10345298787686788,Low,0,679.275,0
2638,0.007150491843811171,Low,0,342.2845,0
2639,0.002714769848320337,Low,0,586.827,0
2640,0.018389034025416466,Low,0,597.577,0
2641,0.006146182694100171,Low,0,498.66200000000003,0
2642,0.1991325204249395,Low,0,609.94,0
2643,0.030802666311584303,Low,0,465.726,0
2644,0.08468887890861163,Low,0,301.3995,0
2645,0.017717651534563606,Low,0,724.7080000000001,0
2646,0.17655733787688047,Low,0,385.938,0
2647,0.011426938947498421,Low,0,441.14099999999996,0
2648,0.12227787016578937,Low,0,841.0985000000001,1
2649,0.025024498343988906,Low,0,504.555,0
2650,0.0337164875227483,Low,0,409.002,0
2651,0.1678812795221258,Low,0,347.62149999999997,0
2652,0.075366128303703,Low,0,886.1715,0
2653,0.10633972144406782,Low,0,351.251,0
2654,0.0268782674805324,Low,0,511.0815,0
2655,0.008751736381207999,Low,0,466.9375,0
2656,0.01431320079788487,Low,0,371.5,0
2657,0.13795583719190196,Low,0,301.595,0
2658,0.005376023286697171,Low,0,360.28700000000003,0
2659,0.07379190340873065,Low,0,390.67900000000003,0
2660,0.14664090267763422,Low,0,588.7235000000001,0
2661,0.021399780751848035,Low,0,491.935,0
2662,0.010937992750845588,Low,0,365.06100000000004,0
2663,0.054216863110823896,Low,0,375.147,0
2664,0.13126956114727306,Low,0,334.3975,0
2665,0.9572815634562662,High,1,382.13599999999997,0
2666,0.12873479041172783,Low,0,820.0125,0
2667,0.0537030390465875,Low,0,697.63,0
2668,0.057866214389805784,Low,0,400.55949999999996,0
2669,0.06771484958766373,Low,0,420.63800000000003,0
2670,0.09079959582958148,Low,0,279.82649999999995,0
2671,0.0030371357695582945,Low,0,421.5965,0
2672,0.005758742859230804,Low,0,395.786,0
2673,0.1201088946633744,Low,0,309.03,0
2674,0.0,Low,0,619.5229999999999,0
2675,0.10320383568768705,Low,0,383.592,0
2676,0.0027830429022724958,Low,0,393.947,0
2677,0.11894794895388607,Low,0,407.959,0
2678,0.7888079333096766,High,1,365.479,0
2679,0.9279018310466847,High,1,554.6030000000001,1
2680,0.012063017285798228,Low,0,433.842,0
2681,0.0339261527199647,Low,0,807.6700000000001,0
2682,0.46692077113888514,Medium,1,531.819,0
2683,0.19668944884868517,Low,0,675.454,0
2684,0.04338874372858747,Low,0,470.87199999999996,0
2685,0.3842730109823239,Medium,1,447.5295,0
2686,0.010235531047693447,Low,0,449.104,0
2687,0.8476531994486994,High,1,702.923,0
2688,0.060811226244739995,Low,0,545.607,0
2689,0.014832324919841744,Low,0,434.3375,0
2690,0.08976483446257284,Low,0,2456.598,0
2691,0.025083505287028254,Low,0,860.287,0
2692,0.010320277541259965,Low,0,395.324,0
2693,0.05067499089761731,Low,0,400.38649999999996,0
2694,0.012970075624884404,Low,0,380.62199999999996,0
2695,0.15565246088482546,Low,0,743.2635,0
2696,0.7269622476426563,High,1,551.6375,1
2697,0.1146118812157637,Low,0,927.586,0
2698,0.8348928686679891,High,1,525.0275,0
2699,0.13317394677191655,Low,0,616.4025,0
2700,0.014459169186731463,Low,0,470.037,0
2701,0.016291384913018105,Low,0,413.897,0
2702,0.05114634910011498,Low,0,333.961,0
2703,0.13897992794114514,Low,0,940.033,0
2704,0.02324894574421514,Low,0,956.8975,0
2705,0.03297873674890274,Low,0,1712.9405,0
2706,0.08809006640183864,Low,0,436.804,1
2707,0.025232445658289915,Low,0,814.0709999999999,0
2708,0.07683400301744225,Low,0,1224.337,0
2709,0.007226712873428163,Low,0,507.94,0
2710,0.13697759777531562,Low,0,1132.6799999999998,0
2711,0.08377701222907281,Low,0,501.3985,0
2712,0.017731640954544742,Low,0,327.459,0
2713,0.03626386587911104,Low,0,676.6089999999999,0
2714,0.07130231970624021,Low,0,937.9034999999999,0
2715,0.017305468978506242,Low,0,381.6915,0
2716,0.07372953677467985,Low,0,843.6790000000001,0
2717,0.03155886301815271,Low,0,480.38,0
2718,0.130863742437865,Low,0,949.242,0
2719,0.2147603063355374,Low,0,395.765,0
2720,0.0026759701309829846,Low,0,372.70799999999997,0
2721,0.07577667917323558,Low,0,470.5195,0
2722,0.009676563369597761,Low,0,519.4755,0
2723,0.01668433512667288,Low,0,292.701,0
2724,0.04452224898572054,Low,0,430.71349999999995,0
2725,0.03681601615482796,Low,0,1137.2649999999999,0
2726,0.009000836320567135,Low,0,741.577,0
2727,0.0339580227634616,Low,0,1458.471,0
2728,0.010066462096042788,Low,0,687.8435,0
2729,0.05710470315353613,Low,0,851.11,0
2730,0.03855990204657114,Low,0,333.4825,0
2731,0.0024721102607067912,Low,0,444.3005,0
2732,0.1560704392417998,Low,0,349.12199999999996,0
2733,0.9347904021939132,High,1,1696.585,1
2734,0.07214513849869826,Low,0,943.2935,0
2735,0.06071275871561291,Low,0,353.322,0
2736,0.9656059352326926,High,1,447.6995,1
2737,0.05815985906355143,Low,0,352.25,0
2738,0.07204778476977917,Low,0,299.239,0
2739,0.016950997438222124,Low,0,472.31,0
2740,0.12065041702628664,Low,0,387.901,0
2741,0.007477673057595096,Low,0,458.9035,0
2742,0.08264732000540914,Low,0,392.94399999999996,0
2743,0.8360611862617925,High,1,481.303,0
2744,0.005788279282754707,Low,0,769.0755,0
2745,0.00917262453871391,Low,0,453.0895,0
2746,0.02053090441674712,Low,0,395.6755,0
2747,0.03257764987413641,Low,0,423.006,0
2748,0.07601708056564645,Low,0,1692.789,0
2749,0.020822265648791832,Low,0,551.64,0
2750,0.2556488445698009,Medium,1,744.0665,0
2751,0.009601642599084711,Low,0,914.3454999999999,0
2752,0.07250166411526732,Low,0,805.614,0
2753,0.056032595464351756,Low,0,820.418,0
2754,0.07344790890848053,Low,0,338.5535,0
2755,0.4243296916278032,Medium,1,38.077,1
2756,0.0017224209711500242,Low,0,458.81,0
2757,0.0682897772134356,Low,0,506.654,0
2758,0.07083716560577781,Low,0,710.7950000000001,0
2759,0.018610609259906218,Low,0,386.62850000000003,0
2760,0.04009193057562615,Low,0,416.56,0
2761,0.01757646304199558,Low,0,337.83900000000006,0
2762,0.049953480001912444,Low,0,635.5115,0
2763,0.015092097252636156,Low,0,413.6025,0
2764,0.0415507261679785,Low,0,491.4085,0
2765,0.05870684361499228,Low,0,2459.6364999999996,0
2766,0.054678533322424956,Low,0,659.5435,0
2767,0.11220520293544041,Low,0,351.0225,0
2768,0.01401787367405024,Low,0,756.4849999999999,0
2769,0.04269965677493506,Low,0,475.23949999999996,0
2770,0.12680391546958822,Low,0,838.4005,0
2771,0.030463709500964182,Low,0,688.1595,0
2772,0.014018092118546998,Low,0,292.475,0
2773,0.2175290750797059,Low,0,569.2764999999999,0
2774,0.07950532650975914,Low,0,378.78200000000004,0
2775,0.11167827171627347,Low,0,786.6365000000001,0
2776,0.3007380355806399,Medium,1,368.745,0
2777,0.005463484869779896,Low,0,375.04949999999997,0
2778,0.01905318708223395,Low,0,451.379,0
2779,0.7591380172651205,High,1,1177.193,0
2780,0.34126188222713755,Medium,1,938.733,0
2781,0.022988711210205775,Low,0,676.6320000000001,0
2782,0.049540847118344784,Low,0,421.4835,0
2783,0.0060926458176801535,Low,0,532.5509999999999,0
2784,0.2136182042970899,Low,0,846.9095,0
2785,0.07891101542443944,Low,0,1333.7115,0
2786,0.013353903787192098,Low,0,373.698,0
2787,0.019987903814967855,Low,0,417.158,0
2788,0.03800727284579517,Low,0,571.9775,0
2789,0.022792757385730437,Low,0,884.092,0
2790,0.0576799639276275,Low,0,482.3,0
2791,0.2747297990276634,Medium,1,192.114,1
2792,0.16003639401869604,Low,0,335.824,0
2793,0.08101314739596056,Low,0,915.2334999999999,0
2794,0.010878562749893085,Low,0,344.0915,0
2795,0.06588802848983519,Low,0,382.1395,0
2796,0.10918082959366321,Low,0,433.703,0
2797,0.05836782009837822,Low,0,1179.118,0
2798,0.005442424896931715,Low,0,451.5615,0
2799,0.03658903563821774,Low,0,427.3425,0
2800,0.3164112738649515,Medium,1,576.024,0
2801,0.01862284120198829,Low,0,307.61199999999997,0
2802,0.26088944987221935,Medium,1,433.208,1
2803,0.0575163503390142,Low,0,446.4975,0
2804,0.028963016632217144,Low,0,521.9845,0
2805,0.0934977397496442,Low,0,886.2995000000001,0
2806,0.10041583228697062,Low,0,1171.866,0
2807,0.8458642188622475,High,1,574.89,0
2808,0.06081270755548262,Low,0,554.954,0
2809,0.8256414577990603,High,1,494.19350000000003,1
2810,0.030500916245815593,Low,0,571.0125,0
2811,0.10757459776531908,Low,0,369.089,0
2812,0.02517484508590455,Low,0,658.5935,0
2813,0.41492458529499116,Medium,1,669.0695000000001,0
2814,0.47826107328017503,Medium,1,598.2855,0
2815,0.256613578617721,Medium,1,826.26,0
2816,0.05256915982617484,Low,0,508.96950000000004,0
2817,0.4152199072634651,Medium,1,288.2655,1
2818,0.02128968334064724,Low,0,502.3885,0
2819,0.033188285859418104,Low,0,353.5515,0
2820,0.022099838670695312,Low,0,410.0265,0
2821,0.03168623427051761,Low,0,623.2735,0
2822,0.04093881363488018,Low,0,913.4069999999999,0
2823,0.23803388713747092,Low,0,379.61400000000003,0
2824,0.05908705388400259,Low,0,399.25,0
2825,0.09830063727389698,Low,0,1373.336,0
2826,0.1182633313764048,Low,0,347.50149999999996,0
2827,0.022374294146596235,Low,0,490.0155,0
2828,0.1347144289862294,Low,0,513.3715,0
2829,0.05337230009405684,Low,0,382.3555,0
2830,0.03118206102658255,Low,0,1429.9434999999999,0
2831,0.06459134523016238,Low,0,386.15250000000003,0
2832,0.09814873669799691,Low,0,523.6925,0
2833,0.002323929210803773,Low,0,415.8415,0
2834,0.022361318862062374,Low,0,461.259,0
2835,0.05408766658775849,Low,0,1028.4975,0
2836,0.3355794070319503,Medium,1,449.271,0
2837,0.9451098753202413,High,1,321.2315,1
2838,0.05129189060263484,Low,0,311.528,0
2839,0.15848915808406136,Low,0,1334.068,0
2840,0.09369809532644528,Low,0,465.528,0
2841,0.4910552977679309,Medium,1,460.9545,0
2842,0.017507676672609253,Low,0,419.428,0
2843,0.029280745096539138,Low,0,567.6595,0
2844,0.0021275605214152705,Low,0,325.0585,0
2845,0.07598787437996454,Low,0,396.0505,0
2846,0.565164782755106,High,1,338.476,0
2847,0.007349837916446347,Low,0,308.88800000000003,0
2848,0.037379608001410346,Low,0,427.8,0
2849,0.07146266918214808,Low,0,238.01299999999998,0
2850,0.8455221982619608,High,1,444.409,0
2851,0.03835927785642061,Low,0,375.913,0
2852,0.1904034725436195,Low,0,315.88300000000004,0
2853,0.2326306603193668,Low,0,592.955,1
2854,0.05242597435906663,Low,0,387.634,0
2855,0.01217460490103372,Low,0,775.9435,0
2856,0.04496930059580351,Low,0,309.716,0
2857,0.010559369335480196,Low,0,420.23199999999997,0
2858,0.01586058671716121,Low,0,636.706,0
2859,0.08028621517161644,Low,0,825.0035,0
2860,0.004540904122237013,Low,0,321.712,0
2861,0.05268532720263159,Low,0,682.031,0
2862,0.04846850104120482,Low,0,359.61,0
2863,0.03173317871568949,Low,0,405.999,0
2864,0.03842284598976961,Low,0,596.4159999999999,0
2865,0.01579338845097996,Low,0,315.2575,0
2866,0.04552437271504622,Low,0,647.793,0
2867,0.06331230875914165,Low,0,799.9200000000001,0
2868,0.09392936864976405,Low,0,964.031,0
2869,0.03208032497377401,Low,0,712.679,0
2870,0.6714195065520144,High,1,873.6320000000001,1
2871,0.0,Low,0,312.4045,0
2872,0.08295856973700928,Low,0,632.227,0
2873,0.056176028617560686,Low,0,701.3915,0
2874,0.02249603253863464,Low,0,308.0485,0
2875,0.376743986093978,Medium,1,1250.499,0
2876,0.20456887910547505,Low,0,618.4575,1
2877,0.12604011152860742,Low,0,349.137,0
2878,0.3219621578828618,Medium,1,491.05,1
2879,0.025906894799035886,Low,0,377.946,0
2880,0.06513143775271868,Low,0,1068.033,0
2881,0.42836523162179657,Medium,1,1177.3675,1
2882,0.038679277540098984,Low,0,357.6655,0
2883,0.4593327365463202,Medium,1,604.495,1
2884,0.037824196690300516,Low,0,390.1055,0
2885,0.05190947467882517,Low,0,728.045,0
2886,0.019586114164619837,Low,0,656.803,0
2887,0.17980833545627806,Low,0,426.839,0
2888,0.018572791361587546,Low,0,375.324,0
2889,0.2669377363064075,Medium,1,453.779,1
2890,0.0055625089265789384,Low,0,541.7425000000001,0
2891,0.021023553120145387,Low,0,519.8965000000001,0
2892,0.17401598947637562,Low,0,482.036,0
2893,0.11577793143279974,Low,0,373.7675,0
2894,0.02043455789472014,Low,0,269.661,0
2895,0.012706970463324599,Low,0,370.571,0
2896,0.8322036577264413,High,1,567.2760000000001,1
2897,0.0840514356722772,Low,0,525.4085,0
2898,0.1743849457944366,Low,0,378.1935,0
2899,0.05371679109126063,Low,0,445.4935,0
2900,0.10092165636183692,Low,0,1010.8755,0
2901,0.00797956371778876,Low,0,395.808,0
2902,0.01654765959608685,Low,0,383.57800000000003,0
2903,0.8694134430890877,High,1,877.0999999999999,1
2904,0.006708585598991714,Low,0,535.4915,0
2905,0.51430270186098,High,1,677.214,1
2906,0.008448196419741674,Low,0,376.6085,0
2907,0.013342940549625707,Low,0,535.436,0
2908,0.7760763520089065,High,1,1275.04,1
2909,0.01890233924188921,Low,0,482.32899999999995,0
2910,0.3636363067422343,Medium,1,551.6845000000001,1
2911,0.009667584448193454,Low,0,437.0295,0
2912,0.6264753358538164,High,1,422.60249999999996,0
2913,0.45421221029738984,Medium,1,354.40049999999997,0
2914,0.17284472065852902,Low,0,576.8645,0
2915,0.0,Low,0,314.7395,0
2916,0.05257627547093195,Low,0,551.1935,0
2917,0.15161363189469582,Low,0,361.02,0
2918,0.03125260832550849,Low,0,423.61,0
2919,0.09820044039233304,Low,0,286.1385,0
2920,0.023750376929058698,Low,0,293.61699999999996,0
2921,0.03531077794796936,Low,0,426.23199999999997,1
2922,0.009620983951838427,Low,0,520.9925000000001,0
2923,0.10763902885047427,Low,0,1712.73,0
2924,0.08920074880860578,Low,0,342.657,0
2925,0.03396934142987547,Low,0,459.75699999999995,0
2926,0.033328368436966876,Low,0,431.937,1
2927,0.3347516414654962,Medium,1,506.451,0
2928,0.047823228766987684,Low,0,456.81050000000005,0
2929,0.0,Low,0,510.3045,0
2930,0.08482136249155817,Low,0,1775.8110000000001,1
2931,0.018944360639564596,Low,0,472.59000000000003,0
2932,0.03817393711125798,Low,0,333.39300000000003,0
2933,0.030576551831356415,Low,0,771.3525,0
2934,0.09400708953649481,Low,0,439.0135,0
2935,0.02850301884197942,Low,0,476.877,0
2936,0.35263650652165196,Medium,1,496.413,0
2937,0.013514408607419138,Low,0,595.241,0
2938,0.02269415862386108,Low,0,438.0815,0
2939,0.008542337210079378,Low,0,549.727,0
2940,0.5503927308492539,High,1,327.62,0
2941,0.7983900073868617,High,1,536.8720000000001,0
2942,0.2744703068372561,Medium,1,461.8695,0
2943,0.9318073703190438,High,1,405.5795,0
2944,0.013586919904201826,Low,0,323.78549999999996,0
2945,0.01657184824835314,Low,0,512.8895,0
2946,0.2628190489375833,Medium,1,605.1310000000001,0
2947,0.09827341298445329,Low,0,328.1105,0
2948,0.14432810572785124,Low,0,311.904,0
2949,0.05028148108365575,Low,0,379.39250000000004,0
2950,0.07244129500447505,Low,0,465.1105,0
2951,0.037016445092991894,Low,0,585.4775,0
2952,0.24578757282892377,Medium,1,470.14250000000004,0
2953,0.021561336483750075,Low,0,441.12649999999996,0
2954,0.12423782368725277,Low,0,467.645,0
2955,0.005901403541411802,Low,0,444.557,0
2956,0.062057396878748866,Low,0,833.3665,0
2957,0.07953688583497145,Low,0,354.352,0
2958,0.04922567456336337,Low,0,562.8040000000001,0
2959,0.07626456212729144,Low,0,396.791,0
2960,0.03162157726544461,Low,0,368.2985,0
2961,0.09219592990376006,Low,0,504.188,0
2962,0.13447700796400025,Low,0,379.5185,0
2963,0.051008209739416444,Low,0,1034.811,0
2964,0.029065330936895492,Low,0,508.5905,0
2965,0.027792684198926918,Low,0,340.5155,0
2966,0.007340822400020248,Low,0,556.2955,0
2967,0.008071408571221664,Low,0,388.785,0
2968,0.0978385937611429,Low,0,455.35900000000004,0
2969,0.03166364934198199,Low,0,812.5815,0
2970,0.04943007129002285,Low,0,387.495,0
2971,0.015056905380094833,Low,0,622.6075000000001,0
2972,0.0030473175608130626,Low,0,490.437,0
2973,0.06283134677182693,Low,0,641.36,0
2974,0.7228997845357096,High,1,691.5540000000001,0
2975,0.0032596014331823164,Low,0,333.608,0
2976,0.06450247173828695,Low,0,450.81600000000003,0
2977,0.018839393775092545,Low,0,663.877,0
2978,0.012692284805117075,Low,0,418.935,0
2979,0.04390138195262594,Low,0,603.483,0
2980,0.14828448771346917,Low,0,1147.741,0
2981,0.08092682966240072,Low,0,389.65049999999997,0
2982,0.11358821888545383,Low,0,528.2165,0
2983,0.9589015046852913,High,1,322.2685,0
2984,0.023332775382857093,Low,0,467.4415,0
2985,0.042647904869406984,Low,0,322.512,0
2986,0.01798843818447896,Low,0,491.20899999999995,0
2987,0.11159103592524239,Low,0,1002.9380000000001,0
2988,0.02087950933165858,Low,0,297.6825,0
2989,0.5302319595352898,High,1,808.485,0
2990,0.008343141608108314,Low,0,349.858,0
2991,0.07995684228551994,Low,0,441.397,0
2992,0.012625040200554227,Low,0,367.19,0
2993,0.018501672789692884,Low,0,598.279,0
2994,0.04978889404935164,Low,0,421.62699999999995,0
2995,0.0854858442620847,Low,0,898.327,0
2996,0.8328810905225236,High,1,384.663,1
2997,0.004562120869475111,Low,0,545.9985,0
2998,0.19939217971018042,Low,0,886.1990000000001,0
2999,0.05358531169626601,Low,0,575.3399999999999,0
3000,0.4468646684927391,Medium,1,357.09950000000003,0
3001,0.09670777042832895,Low,0,874.0675,0
3002,0.8882693114449235,High,1,365.423,0
3003,0.569715194540067,High,1,268.2765,0
3004,0.06645146797265276,Low,0,865.943,0
3005,0.002478151743324564,Low,0,312.28150000000005,0
3006,0.0374018158261688,Low,0,357.9995,0
3007,0.00211891501650165,Low,0,504.38649999999996,0
3008,0.03766029696734105,Low,0,978.271,0
3009,0.06768530097858368,Low,0,549.9565,0
3010,0.044198287067259326,Low,0,548.4935,0
3011,0.4549427456494995,Medium,1,743.833,0
3012,0.9613788553656186,High,1,520.4965,1
3013,0.03787625662844551,Low,0,514.1895000000001,0
3014,0.02015457297921644,Low,0,1248.2755,0
3015,0.01146735401539039,Low,0,569.287,0
3016,0.02396320342608719,Low,0,734.3885,0
3017,0.12420623384770382,Low,0,460.51800000000003,0
3018,0.02552799705153641,Low,0,417.54150000000004,0
3019,0.09532039361557523,Low,0,447.332,0
3020,0.043937719251200436,Low,0,722.2660000000001,0
3021,0.07002561822869659,Low,0,439.4935,0
3022,0.07452720087032273,Low,0,651.929,0
3023,0.04120842076312715,Low,0,898.4165,0
3024,0.08907887842612308,Low,0,466.653,0
3025,0.02863188659461588,Low,0,543.463,0
3026,0.013395972904742157,Low,0,479.0865,0
3027,0.18026493492119516,Low,0,335.6965,0
3028,0.022339478239737833,Low,0,1227.6915,0
3029,0.159237454980417,Low,0,334.532,0
3030,0.005084806730366511,Low,0,512.813,0
3031,0.1055753777312787,Low,0,327.516,0
3032,0.8958392752541782,High,1,386.338,0
3033,0.14967205019072707,Low,0,404.442,0
3034,0.01629147481758202,Low,0,1215.2215,0
3035,0.19249528322582452,Low,0,234.7115,0
3036,0.07737036843883548,Low,0,559.547,0
3037,0.12322884698258657,Low,0,669.4485,0
3038,0.09387954889972078,Low,0,450.8085,0
3039,0.00753673023952094,Low,0,348.765,0
3040,0.026268381566559584,Low,0,568.2094999999999,0
3041,0.052578338978952116,Low,0,379.3245,0
3042,0.39022135455008666,Medium,1,344.22950000000003,0
3043,0.033027895934805006,Low,0,486.3315,0
3044,0.025134941939939696,Low,0,346.92100000000005,0
3045,0.19332112776650012,Low,0,347.7875,0
3046,0.10513005279535169,Low,0,516.4625,0
3047,0.03891601706577935,Low,0,827.3755,0
3048,0.013419881240687574,Low,0,456.154,0
3049,0.037115227571747324,Low,0,326.791,0
3050,0.09677979923409524,Low,0,498.83050000000003,0
3051,0.3018073145747501,Medium,1,295.305,0
3052,0.012267348780006493,Low,0,565.6769999999999,0
3053,0.043185514289563874,Low,0,397.25,0
3054,0.05001911074931865,Low,0,496.1185,0
3055,0.0920027990819091,Low,0,513.0575,0
3056,0.05263552690003028,Low,0,879.3285000000001,0
3057,0.15938443065724278,Low,0,333.3775,0
3058,0.017651834497679313,Low,0,299.624,0
3059,0.05829169948310379,Low,0,916.6675,0
3060,0.010935251292099263,Low,0,691.0495000000001,0
3061,0.12931815466230928,Low,0,360.076,0
3062,0.04942441342234361,Low,0,410.31399999999996,0
3063,0.09792489382600593,Low,0,1064.5515,0
3064,0.015561630798385346,Low,0,402.32500000000005,0
3065,0.0742831539488061,Low,0,513.9069999999999,0
3066,0.02648984364365645,Low,0,1520.3815,0
3067,0.005380421267412926,Low,0,391.308,0
3068,0.016323598301886344,Low,0,336.247,0
3069,0.24518977175051243,Medium,1,677.014,1
3070,0.15574957676935605,Low,0,391.533,1
3071,0.021947074387614483,Low,0,429.726,0
3072,0.027777066111891575,Low,0,471.03700000000003,0
3073,0.046705231211132806,Low,0,353.20349999999996,0
3074,0.061938937902673054,Low,0,481.047,1
3075,0.05192395576235871,Low,0,434.956,0
3076,0.031335007919784066,Low,0,1186.913,0
3077,0.007706650069086735,Low,0,579.268,0
3078,0.0772751809694169,Low,0,969.8175000000001,0
3079,0.043423838461160984,Low,0,359.469,0
3080,0.06981807420688828,Low,0,338.63149999999996,0
3081,0.04026774909641006,Low,0,521.488,0
3082,0.9674137019565171,High,1,523.7935,1
3083,0.011168871598064565,Low,0,525.767,0
3084,0.946094270649286,High,1,383.0125,1
3085,0.10540431049008017,Low,0,705.7375,0
3086,0.0704072883199396,Low,0,412.5435,0
3087,0.006555813125488088,Low,0,504.6545,0
3088,0.010720602849923173,Low,0,377.615,0
3089,0.015414140787265093,Low,0,503.18899999999996,0
3090,0.9473981959498119,High,1,355.094,1
3091,0.4636257473634959,Medium,1,626.4825000000001,0
3092,0.027044570217365605,Low,0,510.2655,0
3093,0.015554906250084884,Low,0,450.764,0
3094,0.12664119026216525,Low,0,1208.0884999999998,0
3095,0.00912619046401862,Low,0,678.0425,0
3096,0.04447026325797408,Low,0,417.8845,0
3097,0.013586117861540889,Low,0,429.88,0
3098,0.0803267787277366,Low,0,353.9255,0
3099,0.006877864461123767,Low,0,579.0735,0
3100,0.8229251535070683,High,1,455.5325,1
3101,0.23964560180760291,Medium,1,341.1445,0
3102,0.03714444582635224,Low,0,571.672,0
3103,0.031757557657364315,Low,0,386.586,0
3104,0.01703458486893502,Low,0,364.57550000000003,0
3105,0.014172462850296027,Low,0,834.0825,0
3106,0.018271528565590427,Low,0,414.347,0
3107,0.033815678167961445,Low,0,422.938,0
3108,0.11716202885724361,Low,0,504.4045,0
3109,0.9330036325123321,High,1,757.3525,1
3110,0.00187470011652615,Low,0,337.9805,0
3111,0.008133622502599046,Low,0,439.78200000000004,0
3112,0.011673112521659259,Low,0,911.6315,0
3113,0.3983317099575379,Medium,1,504.8875,0
3114,0.03799099489701286,Low,0,307.308,0
3115,0.0646552959450639,Low,0,622.1355000000001,0
3116,0.08773201523735505,Low,0,342.8265,0
3117,0.029761031891342916,Low,0,477.4865,0
3118,0.04972477965159735,Low,0,613.5935000000001,0
3119,0.20448696010501108,Low,0,508.353,1
3120,0.007067782450124384,Low,0,916.0965,0
3121,0.007465574955494203,Low,0,1376.176,0
3122,0.03925133146536536,Low,0,626.775,0
3123,0.03377373339269243,Low,0,414.31,0
3124,0.0476732197183424,Low,0,525.8335,0
3125,0.07572730274047641,Low,0,2353.785,0
3126,0.006089741299859123,Low,0,569.2265,0
3127,0.028897371192663612,Low,0,683.1445,0
3128,0.012197905910303938,Low,0,351.64250000000004,0
3129,0.005352495378039269,Low,0,383.5155,0
3130,0.8481145523906561,High,1,391.8425,1
3131,0.012895546854699012,Low,0,305.2155,0
3132,0.020400985260461683,Low,0,577.24,0
3133,0.12793615532481833,Low,0,346.3095,0
3134,0.5009924369944334,High,1,1178.4789999999998,0
3135,0.20901295410746668,Low,0,343.2375,0
3136,0.10839692763855796,Low,0,398.163,0
3137,0.24316784958730323,Medium,1,363.8115,0
3138,0.3945048739295501,Medium,1,641.9455,0
3139,0.02145104379949153,Low,0,726.107,0
3140,0.07994561101514161,Low,0,472.59000000000003,0
3141,0.05068324946254085,Low,0,292.0205,0
3142,0.009762452828654252,Low,0,909.1479999999999,0
3143,0.034723877117433924,Low,0,539.2525,0
3144,0.276434960841205,Medium,1,520.0355,0
3145,0.002813108038914491,Low,0,115.1965,0
3146,0.05511242288306125,Low,0,491.1245,0
3147,0.032124549584083215,Low,0,597.1895,0
3148,0.01999495927398328,Low,0,770.9865,0
3149,0.002522311698442196,Low,0,361.60850000000005,0
3150,0.016377901444521007,Low,0,530.77,0
3151,0.004768500335303606,Low,0,468.1335,0
3152,0.5161763092890294,High,1,401.2585,1
3153,0.030813745250656367,Low,0,465.3465,0
3154,0.19265306412029104,Low,0,363.248,0
3155,0.01856521751853039,Low,0,766.3595,0
3156,0.028137378193235727,Low,0,739.0409999999999,0
3157,0.029149665439735326,Low,0,653.2239999999999,0
3158,0.13890722933574184,Low,0,1404.9595,0
3159,0.030379237455484133,Low,0,464.52500000000003,0
3160,0.11332467326007259,Low,0,443.59400000000005,0
3161,0.23983635845161763,Medium,1,784.63,0
3162,0.9278138407591098,High,1,1160.6305,1
3163,0.013589518825681081,Low,0,623.8785,0
3164,0.033265820510305424,Low,0,735.5585000000001,0
3165,0.911390401938919,High,1,277.8695,1
3166,0.00673276525540001,Low,0,332.257,0
3167,0.04215809190488257,Low,0,371.197,0
3168,0.0367573480446349,Low,0,953.119,0
3169,0.02126724008251419,Low,0,271.6355,0
3170,0.08409747583371939,Low,0,504.534,0
3171,0.09152670343754671,Low,0,486.69550000000004,0
3172,0.06892556311905632,Low,0,1402.1955,0
3173,0.08994283929612282,Low,0,451.41700000000003,0
3174,0.1424072370399708,Low,0,1256.532,0
3175,0.9666098283620943,High,1,565.613,1
3176,0.028837706279127608,Low,0,1694.3919999999998,0
3177,0.058674405888971014,Low,0,647.2249999999999,0
3178,0.4178090666140186,Medium,1,306.0665,0
3179,0.07736425151542789,Low,0,382.486,0
3180,0.0030549076233847977,Low,0,1071.4425,0
3181,0.4891656703652465,Medium,1,374.563,1
3182,0.15927962337469176,Low,0,686.1355,0
3183,0.026163357110459584,Low,0,623.281,0
3184,0.1085869430014755,Low,0,419.59749999999997,0
3185,0.10536272803410598,Low,0,1295.1915,0
3186,0.5882299268343231,High,1,511.62,0
3187,0.035333554685178396,Low,0,799.127,0
3188,0.07277757313112415,Low,0,788.2155,0
3189,0.09964421684351325,Low,0,340.225,0
3190,0.036430262725721384,Low,0,405.6665,0
3191,0.04502092950685785,Low,0,401.27549999999997,0
3192,0.17964330706629664,Low,0,859.0095,0
3193,0.020255467968688837,Low,0,582.5215000000001,0
3194,0.10428836546020995,Low,0,376.62199999999996,0
3195,0.024181979644579597,Low,0,380.967,0
3196,0.3231986971673489,Medium,1,670.6804999999999,0
3197,0.052288274290203884,Low,0,375.1105,0
3198,0.3252232811872551,Medium,1,814.107,1
3199,0.019259404799018488,Low,0,642.261,0
3200,0.005802391646541296,Low,0,914.6765,0
3201,0.10559799747756524,Low,0,310.51800000000003,0
3202,0.15304124873517563,Low,0,361.851,0
3203,0.9416423352523658,High,1,398.56899999999996,0
3204,0.09961724961646937,Low,0,552.808,0
3205,0.8799195194095323,High,1,332.45750000000004,1
3206,0.11993691222028137,Low,0,329.39250000000004,0
3207,0.02394794156992619,Low,0,606.138,0
3208,0.017774720322037165,Low,0,806.4639999999999,0
3209,0.05928364744959254,Low,0,742.645,0
3210,0.2596750372040848,Medium,1,1130.1425,0
3211,0.27481003000244497,Medium,1,337.2015,1
3212,0.036401214417293194,Low,0,371.3235,0
3213,0.5318660710067308,High,1,526.2575,0
3214,0.028599708824451748,Low,0,359.69,0
3215,0.0237097484474065,Low,0,856.4449999999999,0
3216,0.019325821950661595,Low,0,316.681,0
3217,0.016398016618915642,Low,0,370.587,0
3218,0.027592887614839145,Low,0,327.512,0
3219,0.028658372403057974,Low,0,339.406,0
3220,0.032014187326499764,Low,0,376.8935,0
3221,0.05019714367899419,Low,0,551.982,0
3222,0.013744412093220805,Low,0,387.196,0
3223,0.6665779094804543,High,1,386.572,1
3224,0.011916237082384205,Low,0,373.53,0
3225,0.5847620185503147,High,1,383.72150000000005,0
3226,0.14050729800173842,Low,0,726.531,0
3227,0.02235847930668566,Low,0,672.6524999999999,0
3228,0.4721674212984581,Medium,1,929.7335,0
3229,0.17532946613637732,Low,0,802.742,0
3230,0.010984475655595545,Low,0,995.271,0
3231,0.24103110650993828,Medium,1,862.0985000000001,0
3232,0.4733079987363921,Medium,1,436.00800000000004,0
3233,0.00919933861446688,Low,0,268.955,0
3234,0.980983652492952,High,1,2159.619,1
3235,0.11974041344351884,Low,0,676.1935000000001,0
3236,0.05794576870314329,Low,0,646.9185,0
3237,0.08932331841989202,Low,0,610.341,0
3238,0.03644189993953911,Low,0,471.11249999999995,0
3239,0.0337260279540837,Low,0,426.8315,0
3240,0.08693936562723449,Low,0,565.8595,0
3241,0.0727368666081993,Low,0,770.6034999999999,0
3242,0.0439176817402897,Low,0,975.1535,0
3243,0.13746356875788127,Low,0,468.174,0
3244,0.01961548601499933,Low,0,308.446,0
3245,0.0508360870148027,Low,0,374.3975,0
3246,0.11608871142300328,Low,0,368.40700000000004,0
3247,0.05356039881536279,Low,0,487.68,0
3248,0.0728576437591803,Low,0,385.2045,0
3249,0.05116019772233404,Low,0,550.352,0
3250,0.008797447925172688,Low,0,356.80949999999996,0
3251,0.02950011421045817,Low,0,670.7675,0
3252,0.023349118230829302,Low,0,514.1595,0
3253,0.0796134101141048,Low,0,383.3285,0
3254,0.02035936061097674,Low,0,465.70950000000005,0
3255,0.08075670401510561,Low,0,352.083,0
3256,0.1789932672683979,Low,0,321.8375,0
3257,0.1256462732367295,Low,0,568.858,0
3258,0.006132674199958603,Low,0,1067.71,0
3259,0.05581647487600921,Low,0,476.8935,0
3260,0.05974080387182512,Low,0,608.3489999999999,0
3261,0.017259179370354972,Low,0,609.095,0
3262,0.05411919837254292,Low,0,315.655,0
3263,0.08852973621586914,Low,0,936.7560000000001,0
3264,0.020188541838544592,Low,0,429.626,0
3265,0.056950244972021336,Low,0,350.815,0
3266,0.06233472007839435,Low,0,370.4965,0
3267,0.06688583247534102,Low,0,481.398,0
3268,0.04336080746080907,Low,0,696.6980000000001,0
3269,0.00513444609751699,Low,0,916.178,0
3270,0.3086031741533426,Medium,1,443.568,0
3271,0.9509745577309845,High,1,334.9805,1
3272,0.03055609127171839,Low,0,463.0165,0
3273,0.10959139868041251,Low,0,757.4285,0
3274,0.32674194069406376,Medium,1,362.44800000000004,0
3275,0.07263399276642284,Low,0,920.288,0
3276,0.03483933496477408,Low,0,1275.7040000000002,0
3277,0.07298841545156194,Low,0,327.72950000000003,0
3278,0.18134155674826286,Low,0,586.2805,0
3279,0.027391523843478444,Low,0,516.701,0
3280,0.0,Low,0,662.9075,0
3281,0.022050093990961056,Low,0,421.2415,0
3282,0.054527554477012824,Low,0,571.9594999999999,0
3283,0.02434560954450563,Low,0,567.8975,0
3284,0.015455791510736309,Low,0,1009.7239999999999,0
3285,0.009852437784418348,Low,0,501.2385,0
3286,0.008863298973104063,Low,0,423.5185,0
3287,0.3437196276277902,Medium,1,2204.7025000000003,0
3288,0.062414168857859116,Low,0,435.8365,0
3289,0.22455200086328966,Low,0,403.2485,0
3290,0.2257776423302191,Low,0,397.64250000000004,0
3291,0.9437593155908399,High,1,353.119,1
3292,0.23072931885775044,Low,0,365.91049999999996,0
3293,0.011651320583367611,Low,0,796.781,0
3294,0.5322783087352535,High,1,417.355,1
3295,0.0017530062300336444,Low,0,595.1885,0
3296,0.019391133505670264,Low,0,336.449,0
3297,0.011626843784319326,Low,0,614.876,0
3298,0.06922361699941473,Low,0,1079.156,0
3299,0.7920960320579373,High,1,305.8495,1
3300,0.057621483066730275,Low,0,344.97450000000003,0
3301,0.09647239481775903,Low,0,496.9275,0
3302,0.1545398925538045,Low,0,403.22249999999997,0
3303,0.0022691809334766905,Low,0,376.3985,0
3304,0.017913754860578533,Low,0,686.5649999999999,0
3305,0.4626069623106658,Medium,1,477.66450000000003,1
3306,0.0643033254062431,Low,0,412.3615,0
3307,0.11217760577777623,Low,0,568.9275,0
3308,0.02528079221529938,Low,0,381.752,0
3309,0.013668613667987294,Low,0,425.108,0
3310,0.04877856145716122,Low,0,404.19100000000003,0
3311,0.45450628916198915,Medium,1,729.9545,0
3312,0.5500164025898654,High,1,855.613,0
3313,0.10883428755738123,Low,0,1586.217,0
3314,0.01991305984520525,Low,0,369.9575,0
3315,0.019330115055693316,Low,0,299.879,0
3316,0.49781016101180325,Medium,1,638.024,1
3317,0.048160972480494474,Low,0,362.7645,0
3318,0.006208007336175663,Low,0,725.7695,0
3319,0.3331929269323591,Medium,1,322.332,0
3320,0.004851752270195068,Low,0,599.865,0
3321,0.025396030257808466,Low,0,1013.637,0
3322,0.041227279547090254,Low,0,961.6335,0
3323,0.00422104540233226,Low,0,322.48,0
3324,0.05432006287220118,Low,0,557.3215,0
3325,0.03248691196286425,Low,0,1420.3405,0
3326,0.05043243878643904,Low,0,405.80949999999996,0
3327,0.046459215592817536,Low,0,347.27099999999996,0
3328,0.017631538598931344,Low,0,512.278,0
3329,0.2539180306739306,Medium,1,1469.4805000000001,0
3330,0.0,Low,0,561.826,0
3331,0.18871974493980276,Low,0,452.639,0
3332,0.02458865998529762,Low,0,476.4315,0
3333,0.03678687205634845,Low,0,560.2284999999999,0
3334,0.0,Low,0,610.0745,0
3335,0.08604736224630462,Low,0,410.6575,0
3336,0.0047565475676560175,Low,0,341.0745,0
3337,0.0026679412813117726,Low,0,360.4845,0
3338,0.07896148564974095,Low,0,757.8259999999999,0
3339,0.028490471837690975,Low,0,406.50300000000004,0
3340,0.06696013528082577,Low,0,441.665,0
3341,0.012679190775589579,Low,0,483.563,0
3342,0.015948338654838995,Low,0,665.074,0
3343,0.2932984019088004,Medium,1,603.9604999999999,0
3344,0.05079556526439682,Low,0,367.3765,0
3345,0.013578166823559308,Low,0,809.8005,0
3346,0.030668822848137184,Low,0,442.72400000000005,0
3347,0.27995180317889445,Medium,1,402.1065,0
3348,0.2986662428121806,Medium,1,2059.8835,0
3349,0.8550432188446054,High,1,336.5965,1
3350,0.009622663644714308,Low,0,376.328,0
3351,0.059395431570132474,Low,0,330.82500000000005,0
3352,0.9768487924756973,High,1,326.29400000000004,1
3353,0.1347081583971575,Low,0,779.831,0
3354,0.008039382095618634,Low,0,426.89549999999997,0
3355,0.009796446429382592,Low,0,501.7275,0
3356,0.6212332851587116,High,1,1334.026,1
3357,0.012781044284708033,Low,0,468.65250000000003,0
3358,0.035489871566805484,Low,0,546.649,0
3359,0.011366059578590644,Low,0,857.6859999999999,0
3360,0.07948731019362502,Low,0,935.7090000000001,0
3361,0.09516925412773103,Low,0,1383.4125,0
3362,0.16359677542988751,Low,0,329.961,0
3363,0.16832664451979523,Low,0,935.71,0
3364,0.13621943895940164,Low,0,460.3065,0
3365,0.023540149765437647,Low,0,430.25149999999996,0
3366,0.029276740163007017,Low,0,370.3135,0
3367,0.02788835230847744,Low,0,607.9005,0
3368,0.029042733384048263,Low,0,534.3734999999999,0
3369,0.07053422925258292,Low,0,1015.4399999999999,0
3370,0.021228160356138906,Low,0,349.95799999999997,0
3371,0.045887067262540535,Low,0,3020.6240000000003,0
3372,0.08386771821856752,Low,0,434.014,0
3373,0.03348073759916296,Low,0,322.081,0
3374,0.04949550553493247,Low,0,553.2135,0
3375,0.05983520469370992,Low,0,692.0305000000001,0
3376,0.0,Low,0,682.544,0
3377,0.9243264675450469,High,1,380.7585,1
3378,0.30180375652617986,Medium,1,329.27099999999996,0
3379,0.04992207307559145,Low,0,391.637,0
3380,0.12699323291596304,Low,0,633.8455,0
3381,0.018159037424461587,Low,0,494.65049999999997,0
3382,0.00978033898295494,Low,0,445.2705,0
3383,0.1134052272657059,Low,0,1291.6015,0
3384,0.016355319246991167,Low,0,568.969,0
3385,0.0512241931794592,Low,0,1806.2175,0
3386,0.03345246786670656,Low,0,783.438,0
3387,0.05355426459191896,Low,0,923.981,0
3388,0.017003280674113008,Low,0,794.2335,0
3389,0.12337612921721079,Low,0,1362.5205,0
3390,0.7223214066761673,High,1,584.1775,1
3391,0.5934696652463939,High,1,411.838,0
3392,0.0,Low,0,422.427,0
3393,0.06292912174274064,Low,0,701.1,0
3394,0.27803783729043047,Medium,1,366.7915,1
3395,0.043715742188808554,Low,0,453.36299999999994,0
3396,0.10080448368180774,Low,0,531.8965000000001,0
3397,0.17743863880950236,Low,0,732.019,0
3398,0.06275711432155587,Low,0,803.249,0
3399,0.2250973321807586,Low,0,594.2620000000001,0
3400,0.020577224057802188,Low,0,499.18649999999997,0
3401,0.036998239566565005,Low,0,389.7165,0
3402,0.07705601878550154,Low,0,318.2005,0
3403,0.15363213730107525,Low,0,788.2015,0
3404,0.23687088761147507,Low,0,399.136,0
3405,0.11941224484386408,Low,0,714.165,0
3406,0.22410212537164398,Low,0,766.0250000000001,0
3407,0.042218430684348926,Low,0,374.91999999999996,0
3408,0.9325046593943707,High,1,425.2185,1
3409,0.03988928979501115,Low,0,395.91700000000003,0
3410,0.035209242811356976,Low,0,473.399,0
3411,0.0633175907220564,Low,0,312.0715,0
3412,0.1019216202931686,Low,0,254.614,0
3413,0.31937924476981194,Medium,1,656.1395,0
3414,0.1185725964290286,Low,0,560.9069999999999,0
3415,0.12108173072049827,Low,0,343.379,0
3416,0.019305939119078908,Low,0,1004.9845,0
3417,0.01309443813035097,Low,0,544.3495,0
3418,0.15854305527730403,Low,0,657.587,0
3419,0.056890656631970404,Low,0,650.204,0
3420,0.01911777105170626,Low,0,606.6904999999999,0
3421,0.007388624348951627,Low,0,323.5855,0
3422,0.01528302699729845,Low,0,228.62599999999998,0
3423,0.0803676809072862,Low,0,420.99350000000004,0
3424,0.048288686209221145,Low,0,578.095,0
3425,0.002131903429696404,Low,0,493.726,0
3426,0.0713222339160622,Low,0,525.4535000000001,0
3427,0.11397080702368716,Low,0,455.05600000000004,0
3428,0.0014897877815835735,Low,0,629.7995000000001,0
3429,0.051134333361754825,Low,0,393.1435,0
3430,0.005878482039694688,Low,0,340.139,0
3431,0.0015664943989188056,Low,0,347.275,0
3432,0.2050126867146992,Low,0,443.3025,0
3433,0.12297649956273782,Low,0,777.038,0
3434,0.004782041462151707,Low,0,642.278,0
3435,0.11754144001163555,Low,0,1260.4275,0
3436,0.00958258392577504,Low,0,280.903,0
3437,0.043533048976427846,Low,0,364.464,0
3438,0.06564699712814981,Low,0,951.9014999999999,0
3439,0.09197847626076042,Low,0,418.4605,0
3440,0.17428393542940085,Low,0,714.681,0
3441,0.006406107941949584,Low,0,461.481,0
3442,0.6086005406386712,High,1,523.567,0
3443,0.0058843370692725164,Low,0,319.64,0
3444,0.78902019585339,High,1,462.153,0
3445,0.026902019160569068,Low,0,541.752,0
3446,0.007886885184925583,Low,0,416.8365,0
3447,0.0,Low,0,507.711,0
3448,0.06377073338859625,Low,0,340.2935,0
3449,0.014149778038912965,Low,0,602.0805,0
3450,0.0,Low,0,421.9675,0
3451,0.8002257953874317,High,1,368.0535,0
3452,0.9709899810583696,High,1,429.924,1
3453,0.016551631161980336,Low,0,591.3375000000001,0
3454,0.02084178188206874,Low,0,783.2475,0
3455,0.01117526908186695,Low,0,529.449,0
3456,0.07041636273997783,Low,0,1599.3615,0
3457,0.10028776143501932,Low,0,824.046,0
3458,0.021207170835759154,Low,0,319.622,0
3459,0.30634051104975213,Medium,1,253.7585,0
3460,0.1699913385676215,Low,0,443.84999999999997,0
3461,0.002515986566683535,Low,0,562.901,0
3462,0.0876240084022448,Low,0,385.91949999999997,0
3463,0.0056730595556794446,Low,0,641.229,0
3464,0.056630763488640906,Low,0,816.4549999999999,0
3465,0.04553384380872446,Low,0,477.044,0
3466,0.02332490762805566,Low,0,755.4159999999999,0
3467,0.17543612521738677,Low,0,821.5255,1
3468,0.08954859117624182,Low,0,705.5585,0
3469,0.026116019863831164,Low,0,682.9965,0
3470,0.0476973944448464,Low,0,435.036,0
3471,0.6991425529410126,High,1,631.7365,0
3472,0.04981667457558485,Low,0,416.1875,0
3473,0.9573698883528388,High,1,468.0665,1
3474,0.04602265732750984,Low,0,910.3969999999999,0
3475,0.28793194353457935,Medium,1,766.0554999999999,0
3476,0.06080220874553117,Low,0,438.60900000000004,0
3477,0.29015034163685854,Medium,1,549.9085,0
3478,0.016615742108355813,Low,0,320.0305,0
3479,0.13933817450079042,Low,0,482.5695,0
3480,0.49906970287117447,Medium,1,349.448,1
3481,0.07623165356731038,Low,0,1370.493,0
3482,0.05005350251986932,Low,0,579.2015,0
3483,0.14504423513909706,Low,0,340.2495,0
3484,0.4673573784542515,Medium,1,514.71,1
3485,0.03176904390896049,Low,0,529.8895,0
3486,0.0195278702399977,Low,0,378.3775,0
3487,0.05688445948416512,Low,0,631.0235,0
3488,0.014924073224476102,Low,0,341.63649999999996,0
3489,0.03530314722351388,Low,0,410.95500000000004,0
3490,0.5445870212767047,High,1,537.0875,1
3491,0.8908160364253107,High,1,1041.9275,1
3492,0.2192801995006322,Low,0,664.3565,0
3493,0.06254068913469911,Low,0,756.6745000000001,0
3494,0.032655096854651726,Low,0,190.78050000000002,0
3495,0.04683296846823414,Low,0,434.90650000000005,0
3496,0.08890421132025185,Low,0,421.051,0
3497,0.5516881670899908,High,1,396.09299999999996,0
3498,0.05577741667950016,Low,0,837.7785,0
3499,0.008155396748960233,Low,0,376.7575,0
3500,0.43767265688851625,Medium,1,341.599,0
3501,0.005849302242881632,Low,0,352.2905,0
3502,0.3781063945651677,Medium,1,1224.599,0
3503,0.0030425043504017178,Low,0,409.655,0
3504,0.011588196010155578,Low,0,425.1735,0
3505,0.30757640612713044,Medium,1,602.042,0
3506,0.1382260810182348,Low,0,612.021,0
3507,0.360853383398494,Medium,1,390.384,0
3508,0.45716279078291727,Medium,1,376.345,1
3509,0.4499394448847705,Medium,1,645.307,0
3510,0.004711432799539496,Low,0,965.902,0
3511,0.027001191821772894,Low,0,524.3315,0
3512,0.002163241784867654,Low,0,446.58050000000003,0
3513,0.007763141555461231,Low,0,580.5364999999999,0
3514,0.04311737086459029,Low,0,338.834,0
3515,0.11459438095259365,Low,0,1499.011,0
3516,0.09299664256594745,Low,0,325.927,0
3517,0.8905273714979184,High,1,318.596,1
3518,0.19001801229097767,Low,0,339.5505,0
3519,0.011518000135245345,Low,0,1475.2365,0
3520,0.19409351458363477,Low,0,1258.353,0
3521,0.03569925828505161,Low,0,425.6155,0
3522,0.38053093186882325,Medium,1,882.048,0
3523,0.22034869490493506,Low,0,401.118,0
3524,0.021928527753946804,Low,0,726.065,0
3525,0.005660212437514388,Low,0,350.88,0
3526,0.021877562384341197,Low,0,648.8235,0
3527,0.03691230621021402,Low,0,334.10699999999997,0
3528,0.002807448332310211,Low,0,254.6095,0
3529,0.008788400120043099,Low,0,556.778,0
3530,0.009999500124429168,Low,0,532.7004999999999,0
3531,0.05630482479828282,Low,0,1119.2265,0
3532,0.047096908505835304,Low,0,364.725,0
3533,0.21773217670303027,Low,0,375.67650000000003,0
3534,0.05426510788162132,Low,0,387.27750000000003,0
3535,0.07315910728733821,Low,0,508.6925,0
3536,0.021553232621917773,Low,0,691.7625,0
3537,0.3519339993628405,Medium,1,737.7535,0
3538,0.017843006852754018,Low,0,639.9455,0
3539,0.5457471813495033,High,1,704.171,1
3540,0.01818746176618295,Low,0,528.057,0
3541,0.06759849634972483,Low,0,959.9594999999999,0
3542,0.0,Low,0,721.597,0
3543,0.009087774969498025,Low,0,415.596,0
3544,0.06215222781751429,Low,0,294.2285,0
3545,0.014140108211097372,Low,0,724.009,0
3546,0.019210534999501455,Low,0,351.9965,0
3547,0.04128658595363573,Low,0,1542.7355,0
3548,0.047729795066401015,Low,0,405.2795,0
3549,0.03253473374767266,Low,0,778.0955,0
3550,0.5266286432231929,High,1,534.7035,0
3551,0.027118110802458174,Low,0,420.233,0
3552,0.02645025456318626,Low,0,730.2,0
3553,0.16383595700670958,Low,0,411.69449999999995,0
3554,0.5143317300412403,High,1,531.7645,0
3555,0.06639857447367097,Low,0,365.69100000000003,0
3556,0.10307092282186892,Low,0,327.8915,0
3557,0.051375687821977975,Low,0,473.23900000000003,0
3558,0.847026635720473,High,1,2989.131,1
3559,0.027093714565297865,Low,0,358.97450000000003,0
3560,0.44462793451310634,Medium,1,359.3365,0
3561,0.0634552716642131,Low,0,489.9805,0
3562,0.07614546046516613,Low,0,532.15,0
3563,0.15975361267404084,Low,0,1175.299,0
3564,0.014553849637293318,Low,0,404.375,0
3565,0.13874699379030678,Low,0,965.2025000000001,0
3566,0.028172625193163582,Low,0,325.932,0
3567,0.012563799584342743,Low,0,980.9445000000001,0
3568,0.10642021974824285,Low,0,382.557,0
3569,0.10699601814869016,Low,0,514.6755,0
3570,0.05823190240679845,Low,0,904.8875,0
3571,0.2835448715355866,Medium,1,441.347,0
3572,0.028277327201952016,Low,0,423.05899999999997,0
3573,0.0036755458535045553,Low,0,540.0375,0
3574,0.0942169196048701,Low,0,458.077,0
3575,0.04259376848405452,Low,0,663.1745000000001,0
3576,0.9139226997062673,High,1,598.2155,1
3577,0.081592352251687,Low,0,528.207,1
3578,0.022862105449746907,Low,0,399.8995,0
3579,0.04445917351993972,Low,0,433.8195,0
3580,0.05301772803848578,Low,0,415.72,0
3581,0.0621032310896994,Low,0,347.389,0
3582,0.030426737654769862,Low,0,503.381,0
3583,0.002536416184971098,Low,0,338.16049999999996,0
3584,0.01039472011230151,Low,0,506.366,0
3585,0.17076250631088621,Low,0,358.462,0
3586,0.0380124875385357,Low,0,357.6065,0
3587,0.012032909244744336,Low,0,1047.5235,0
3588,0.11322372262134399,Low,0,199.297,0
3589,0.0585086198803985,Low,0,1239.9235,0
3590,0.026908074494947705,Low,0,396.10699999999997,0
3591,0.4475024825956579,Medium,1,767.9,0
3592,0.01636890050002469,Low,0,398.5235,0
3593,0.166121510993936,Low,0,418.40700000000004,0
3594,0.001809888104816549,Low,0,408.15549999999996,0
3595,0.7846439386681494,High,1,2095.05,1
3596,0.04580303090652015,Low,0,387.37,0
3597,0.025689191808103425,Low,0,520.6179999999999,0
3598,0.023041430833324068,Low,0,719.088,0
3599,0.04282752033667561,Low,0,458.424,0
3600,0.02467083465834224,Low,0,468.424,0
3601,0.024749186670541306,Low,0,337.572,0
3602,0.0,Low,0,325.318,0
3603,0.011118369481818954,Low,0,1250.0025,0
3604,0.032468133629713625,Low,0,342.91499999999996,0
3605,0.04588354188318884,Low,0,398.079,0
3606,0.14033192844705628,Low,0,357.1865,0
3607,0.5285380903124672,High,1,1058.0055,1
3608,0.03182085691905273,Low,0,561.74,0
3609,0.0337921020235178,Low,0,389.17199999999997,0
3610,0.17225360503509113,Low,0,583.485,0
3611,0.02860714916807386,Low,0,419.19550000000004,0
3612,0.8480688085659194,High,1,511.34749999999997,1
3613,0.09980053716820624,Low,0,1815.3784999999998,1
3614,0.8288465118130719,High,1,1511.8944999999999,1
3615,0.01706913018239901,Low,0,973.298,0
3616,0.002429108604291086,Low,0,410.98400000000004,0
3617,0.03429672238701863,Low,0,1106.6950000000002,0
3618,0.002115686728991218,Low,0,645.335,0
3619,0.05063988354348595,Low,0,668.275,0
3620,0.08649913400720238,Low,0,930.796,0
3621,0.00924286646391035,Low,0,358.602,0
3622,0.5892946796474208,High,1,655.831,1
3623,0.16140414567952197,Low,0,666.064,0
3624,0.34286036331567704,Medium,1,1917.5810000000001,0
3625,0.08568990230341254,Low,0,318.24699999999996,0
3626,0.29237053465827745,Medium,1,407.0665,1
3627,0.05276000611546841,Low,0,405.1675,0
3628,0.06343951435587,Low,0,343.382,0
3629,0.03427919628645047,Low,0,815.03,0
3630,0.033754106972625555,Low,0,412.745,0
3631,0.056091701592690245,Low,0,965.425,0
3632,0.007888608445581941,Low,0,614.327,0
3633,0.12013705087551597,Low,0,1553.935,0
3634,0.0059904230215042575,Low,0,759.572,0
3635,0.041249947358677125,Low,0,511.54999999999995,0
3636,0.5849786730137115,High,1,720.616,1
3637,0.03682012114897462,Low,0,359.845,0
3638,0.03158692567507691,Low,0,778.8605,0
3639,0.01394228087266826,Low,0,415.603,0
3640,0.004770352401382175,Low,0,407.38149999999996,0
3641,0.09964963753256041,Low,0,497.005,0
3642,0.015628293905288637,Low,0,349.5535,0
3643,0.003948957410351644,Low,0,395.294,0
3644,0.3841138717635936,Medium,1,64.042,0
3645,0.8734381280009268,High,1,740.392,1
3646,0.062163158239253384,Low,0,1139.5355,0
3647,0.27030672450789495,Medium,1,522.222,0
3648,0.28829489630042393,Medium,1,510.6915,0
3649,0.14479152308429444,Low,0,586.0815,0
3650,0.004663143063428232,Low,0,540.028,0
3651,0.037068924107367666,Low,0,345.332,0
3652,0.1136525616656456,Low,0,326.148,0
3653,0.004691524693578167,Low,0,346.193,0
3654,0.014587588688289358,Low,0,1050.3755,0
3655,0.007452567458171106,Low,0,498.97950000000003,0
3656,0.9891540031413977,High,1,419.204,1
3657,0.021404082056028107,Low,0,562.7715,0
3658,0.009378842712421509,Low,0,655.9475,0
3659,0.06907216179698294,Low,0,555.6015,0
3660,0.048975124859116974,Low,0,1031.2495,0
3661,0.21805204313756021,Low,0,1552.041,0
3662,0.031679628392601085,Low,0,411.865,0
3663,0.04389572102931856,Low,0,334.5355,0
3664,0.026187133966620615,Low,0,1181.7455,0
3665,0.004592508502795722,Low,0,461.543,0
3666,0.2453755450530756,Medium,1,1162.8445,0
3667,0.15929936457493785,Low,0,822.451,0
3668,0.030280728573345423,Low,0,346.618,0
3669,0.052063959566081716,Low,0,416.12249999999995,0
3670,0.9601923110723259,High,1,889.465,1
3671,0.0808449516335874,Low,0,325.2855,0
3672,0.0870578448162131,Low,0,1248.7314999999999,0
3673,0.02310916460543395,Low,0,499.4995,0
3674,0.07726074708652445,Low,0,1212.1715,0
3675,0.00772490826400784,Low,0,673.537,0
3676,0.008438059700541053,Low,0,354.69449999999995,0
3677,0.06981416719131503,Low,0,977.3190000000001,0
3678,0.4301076788147298,Medium,1,371.241,0
3679,0.025364921395324508,Low,0,363.47,0
3680,0.017634013607829405,Low,0,1102.569,0
3681,0.07662519684532693,Low,0,473.71450000000004,0
3682,0.023325263183965977,Low,0,517.1605,0
3683,0.012364263534229205,Low,0,337.856,0
3684,0.013025490738400045,Low,0,752.1505,0
3685,0.12129768727049907,Low,0,497.3265,0
3686,0.0019931571667758602,Low,0,596.303,0
3687,0.7939522317868224,High,1,1022.347,1
3688,0.0072997476563146585,Low,0,694.1105,0
3689,0.11156455099552962,Low,0,495.8645,0
3690,0.02557597512425704,Low,0,336.1275,0
3691,0.024336001041504098,Low,0,410.843,0
3692,0.022443571931508564,Low,0,393.8005,0
3693,0.051872870194743875,Low,0,419.08299999999997,0
3694,0.035088514786362934,Low,0,793.572,0
3695,0.052580367399631754,Low,0,663.1885,0
3696,0.004083172005845775,Low,0,456.4885,0
3697,0.16139532124463016,Low,0,540.1595,0
3698,0.0365401106240437,Low,0,658.633,0
3699,0.05503096976128414,Low,0,1481.1255,0
3700,0.006699606815150459,Low,0,378.586,0
3701,0.08361695554149894,Low,0,1042.2325,0
3702,0.4450168065025307,Medium,1,485.1915,0
3703,0.02393176213842491,Low,0,599.518,0
3704,0.14467926855789165,Low,0,835.663,0
3705,0.07609708037618719,Low,0,504.01750000000004,0
3706,0.023015357676252842,Low,0,389.8105,0
3707,0.5638493880273483,High,1,279.4395,1
3708,0.09273774638994714,Low,0,635.9865,0
3709,0.07168026507056924,Low,0,308.214,0
3710,0.06426123988983469,Low,0,423.81399999999996,0
3711,0.046217561677642606,Low,0,473.1365,0
3712,0.03860111970502858,Low,0,300.619,0
3713,0.03566329569559715,Low,0,620.2155,0
3714,0.49373102529943014,Medium,1,1419.254,0
3715,0.013556520837234843,Low,0,264.932,0
3716,0.030243247041667143,Low,0,523.573,0
3717,0.028012576999150957,Low,0,457.668,0
3718,0.059481706336768074,Low,0,623.437,0
3719,0.6223498286645771,High,1,367.3675,1
3720,0.007095875563415973,Low,0,416.4655,0
3721,0.044234537574203925,Low,0,810.902,0
3722,0.11752292479216148,Low,0,319.733,0
3723,0.059573713636723924,Low,0,347.418,0
3724,0.049589108361184166,Low,0,338.6645,0
3725,0.9083143990215662,High,1,525.4155,1
3726,0.013676880531160517,Low,0,422.8,0
3727,0.03616416451873976,Low,0,318.635,0
3728,0.1393496404706967,Low,0,623.3489999999999,0
3729,0.05339430661243058,Low,0,686.183,0
3730,0.9583737844910863,High,1,464.91499999999996,0
3731,0.05720086702982549,Low,0,433.193,0
3732,0.013948845895543117,Low,0,745.669,0
3733,0.007413218352268125,Low,0,250.6855,0
3734,0.2735644324803165,Medium,1,413.854,0
3735,0.03043677408186582,Low,0,397.04699999999997,0
3736,0.32272030766327015,Medium,1,477.82550000000003,0
3737,0.07970360128951004,Low,0,337.482,0
3738,0.021409164292724436,Low,0,363.4955,0
3739,0.1200374245270356,Low,0,448.3595,0
3740,0.07255360059333503,Low,0,614.843,0
3741,0.04683131542397006,Low,0,514.136,0
3742,0.06606867899300709,Low,0,745.905,0
3743,0.20395219764908584,Low,0,670.917,0
3744,0.16530695333661072,Low,0,266.849,0
3745,0.0614878862451345,Low,0,1571.416,0
3746,0.05751629476524002,Low,0,337.991,0
3747,0.04505186349115745,Low,0,852.3435,0
3748,0.12577574479125683,Low,0,572.8774999999999,0
3749,0.041139238326168635,Low,0,504.7605,0
3750,0.15038978780233278,Low,0,544.3205,1
3751,0.05732335940390171,Low,0,440.8075,0
3752,0.018325049117764572,Low,0,359.19100000000003,0
3753,0.21475477112888333,Low,0,423.0665,0
3754,0.16892921066555702,Low,0,454.149,0
3755,0.2629536237071023,Medium,1,581.8105,0
3756,0.1008210080437298,Low,0,369.4055,0
3757,0.04646598833929328,Low,0,860.6610000000001,0
3758,0.025194004604206906,Low,0,610.891,0
3759,0.03538423437937509,Low,0,713.7205,0
3760,0.4018872555412566,Medium,1,421.5485,1
3761,0.024757355579275813,Low,0,517.213,0
3762,0.019642924048192158,Low,0,640.4515,0
3763,0.018398532910758398,Low,0,571.6790000000001,0
3764,0.01539839598878561,Low,0,609.35,0
3765,0.9668642692169009,High,1,463.8865,1
3766,0.045161562935493484,Low,0,597.0325,0
3767,0.03710203184744538,Low,0,569.337,0
3768,0.022794170139935534,Low,0,366.911,0
3769,0.01565520894003124,Low,0,455.339,0
3770,0.038200337907767314,Low,0,403.38699999999994,0
3771,0.03429115341158542,Low,0,447.9275,0
3772,0.03220251004573289,Low,0,388.20050000000003,0
3773,0.18376997754349408,Low,0,1862.325,0
3774,0.015705005975229936,Low,0,336.031,0
3775,0.02758457163810825,Low,0,386.247,0
3776,0.012742622236332242,Low,0,351.56550000000004,0
3777,0.4127904014022064,Medium,1,945.1385,0
3778,0.15130137527773935,Low,0,350.159,0
3779,0.005228373225918037,Low,0,565.2805000000001,0
3780,0.12212309401095812,Low,0,321.42850000000004,0
3781,0.019194923876748118,Low,0,344.49850000000004,0
3782,0.17722470664493742,Low,0,281.6905,0
3783,0.03222809484185377,Low,0,380.082,0
3784,0.05756181562406076,Low,0,383.00149999999996,0
3785,0.05465010392252636,Low,0,1308.4625,0
3786,0.020214119074781968,Low,0,586.2855,0
3787,0.39351024018923575,Medium,1,713.8095,0
3788,0.036644267068648616,Low,0,339.4015,0
3789,0.07115053313208554,Low,0,395.107,0
3790,0.015444284955644575,Low,0,431.7835,0
3791,0.01262612485631305,Low,0,213.618,0
3792,0.007488984407454671,Low,0,994.114,0
3793,0.9489394352343322,High,1,752.4760000000001,1
3794,0.012787950972903998,Low,0,742.899,0
3795,0.8026679636925796,High,1,495.5545,0
3796,0.013035035134379527,Low,0,691.164,0
3797,0.10852853075256369,Low,0,1139.1190000000001,0
3798,0.07054675936055153,Low,0,214.6015,1
3799,0.040855311248712,Low,0,458.0855,0
3800,0.8445198036512207,High,1,400.0435,1
3801,0.14754788528907573,Low,0,589.6445,0
3802,0.12587837128223572,Low,0,793.7349999999999,0
3803,0.061922207878021635,Low,0,345.683,0
3804,0.09067398500210788,Low,0,1201.709,0
3805,0.015830825286664477,Low,0,420.923,0
3806,0.0692416678242834,Low,0,347.69399999999996,0
3807,0.06776990260318302,Low,0,727.5455,0
3808,0.014176819968935469,Low,0,877.2455,0
3809,0.2611719052900358,Medium,1,536.598,0
3810,0.03518832994632118,Low,0,372.2615,0
3811,0.050250487794058725,Low,0,1585.182,0
3812,0.3693992273783469,Medium,1,322.5155,1
3813,0.06572311108409279,Low,0,715.2075,0
3814,0.032746022520866384,Low,0,1075.702,0
3815,0.06467963244419764,Low,0,593.022,0
3816,0.8512126982835919,High,1,719.83,1
3817,0.17480194658831766,Low,0,372.1035,0
3818,0.022762336512740063,Low,0,453.31449999999995,0
3819,0.08163830297582537,Low,0,511.582,0
3820,0.022384624377537035,Low,0,461.7335,0
3821,0.05386717777202264,Low,0,567.779,0
3822,0.13480312752311405,Low,0,395.14149999999995,0
3823,0.24926583042383196,Medium,1,545.807,0
3824,0.03313394411648309,Low,0,330.1225,0
3825,0.06500058059005548,Low,0,497.8565,0
3826,0.06477994517686056,Low,0,441.993,0
3827,0.011413558954881614,Low,0,407.0725,0
3828,0.051069361878502605,Low,0,591.274,0
3829,0.05301918181075736,Low,0,295.177,0
3830,0.07161338106853934,Low,0,1684.206,0
3831,0.9454655817917689,High,1,495.687,1
3832,0.040101834316599444,Low,0,497.76200000000006,0
3833,0.0746465993542752,Low,0,345.61,0
3834,0.01268412591953478,Low,0,490.90099999999995,0
3835,0.02313329036142079,Low,0,664.7615000000001,0
3836,0.023685457729379907,Low,0,474.2925,0
3837,0.9466277397628795,High,1,600.0795,1
3838,0.09190884828433424,Low,0,650.2205,0
3839,0.08632359385067939,Low,0,439.849,0
3840,0.015514219863018812,Low,0,528.5235,0
3841,0.05354582709782027,Low,0,256.6005,0
3842,0.020719898694557735,Low,0,376.2195,0
3843,0.05683748573399827,Low,0,322.224,0
3844,0.1401821224869008,Low,0,358.38599999999997,0
3845,0.07216590854753759,Low,0,350.853,0
3846,0.05179881769952898,Low,0,575.698,0
3847,0.03536851232301907,Low,0,410.91949999999997,0
3848,0.7873033416594886,High,1,319.558,0
3849,0.02978360336585387,Low,0,801.642,0
3850,0.020398619994452114,Low,0,918.372,0
3851,0.3451240937600796,Medium,1,1084.5439999999999,1
3852,0.2912945771697773,Medium,1,481.99,0
3853,0.13460249287955567,Low,0,413.27049999999997,0
3854,0.017414156142676968,Low,0,560.3344999999999,0
3855,0.016260649510009606,Low,0,443.16650000000004,0
3856,0.01441690850542431,Low,0,518.05,0
3857,0.019642386028979747,Low,0,365.8335,0
3858,0.1662093850180359,Low,0,852.1285,0
3859,0.00674919331973043,Low,0,359.6835,0
3860,0.05503509911320159,Low,0,356.7795,0
3861,0.039013281263310495,Low,0,599.803,0
3862,0.010003309710929126,Low,0,459.76099999999997,0
3863,0.05001065401345847,Low,0,1568.9075,0
3864,0.014024072058074571,Low,0,550.9625,0
3865,0.06858092752229529,Low,0,441.3215,0
3866,0.2888985692397453,Medium,1,582.396,0
3867,0.5052406313503167,High,1,336.5485,0
3868,0.03307038411249986,Low,0,728.3105,0
3869,0.22934104284823092,Low,0,1028.0575,1
3870,0.04145633362979216,Low,0,408.788,0
3871,0.04796453769577303,Low,0,774.3734999999999,0
3872,0.4452734653294044,Medium,1,641.7284999999999,1
3873,0.025421560019074634,Low,0,431.83,0
3874,0.0697062720913065,Low,0,1660.127,0
3875,0.01673925949367297,Low,0,703.3335,0
3876,0.015035295957077718,Low,0,373.8475,0
3877,0.060610363398200896,Low,0,436.1245,0
3878,0.024284647468297695,Low,0,360.17600000000004,0
3879,0.0021494109060577627,Low,0,684.8009999999999,0
3880,0.020830044446048027,Low,0,335.8055,0
3881,0.7183606806691646,High,1,390.6595,1
3882,0.022139192860979064,Low,0,457.5615,0
3883,0.129472057738957,Low,0,568.896,0
3884,0.0017001987083954291,Low,0,533.815,0
3885,0.6256601592125609,High,1,332.94100000000003,0
3886,0.05222882339570167,Low,0,595.363,0
3887,0.0622771222332628,Low,0,605.1754999999999,0
3888,0.07739735592720927,Low,0,415.324,0
3889,0.9281220754016765,High,1,590.708,1
3890,0.04691139956836968,Low,0,706.2365,0
3891,0.06086382350961428,Low,0,749.4315,0
3892,0.04963666314180013,Low,0,534.4895,0
3893,0.030672965318398207,Low,0,428.001,0
3894,0.06449771429156052,Low,0,388.128,0
3895,0.0672052940081304,Low,0,376.26099999999997,0
3896,0.0847961445765604,Low,0,348.15999999999997,0
3897,0.05331567034758529,Low,0,461.143,0
3898,0.04699332878028681,Low,0,859.0965000000001,0
3899,0.1369380326572543,Low,0,1279.5255000000002,0
3900,0.007040400137994012,Low,0,323.885,0
3901,0.01738434042090259,Low,0,544.9095,0
3902,0.06446484977014091,Low,0,414.2045,0
3903,0.027292888711414717,Low,0,436.7235,0
3904,0.06297890675304015,Low,0,2864.0699999999997,0
3905,0.21799192328384265,Low,0,311.67449999999997,0
3906,0.34798703400997716,Medium,1,650.5805,0
3907,0.01379441219269325,Low,0,391.181,0
3908,0.05138316336272579,Low,0,408.901,0
3909,0.04443037797408649,Low,0,418.869,0
3910,0.03518547557004434,Low,0,481.5375,0
3911,0.08014363830817435,Low,0,1584.982,0
3912,0.059722726214848906,Low,0,475.006,0
3913,0.9038594549025696,High,1,448.02450000000005,1
3914,0.027816436365659777,Low,0,663.245,0
3915,0.23645524060661183,Low,0,358.77049999999997,0
3916,0.7748880031149689,High,1,1092.3415,1
3917,0.013022798325538263,Low,0,305.301,0
3918,0.19683370626368435,Low,0,198.914,0
3919,0.021022809328519434,Low,0,620.3675000000001,0
3920,0.9496582270009871,High,1,399.75649999999996,1
3921,0.057366935895876346,Low,0,302.2885,0
3922,0.06971693814081556,Low,0,597.2545,0
3923,0.00406104243661889,Low,0,330.712,0
3924,0.03446432093280878,Low,0,501.55150000000003,0
3925,0.5527741072982394,High,1,423.2205,0
3926,0.4285277580391597,Medium,1,445.1885,0
3927,0.035755312259794746,Low,0,476.2175,0
3928,0.13677905272108543,Low,0,310.85949999999997,0
3929,0.02074203504652225,Low,0,399.074,0
3930,0.1486638539884054,Low,0,323.6995,0
3931,0.6154062535654591,High,1,415.91100000000006,0
3932,0.09339461906014587,Low,0,478.6205,0
3933,0.40093907676919693,Medium,1,1013.232,0
3934,0.02145712415510863,Low,0,638.9625,0
3935,0.15927874350784332,Low,0,881.506,0
3936,0.06539534860957744,Low,0,464.506,0
3937,0.22642969262350496,Low,0,436.66700000000003,0
3938,0.25070086200047365,Medium,1,468.47349999999994,0
3939,0.009662739560749135,Low,0,562.924,0
3940,0.04495139243357635,Low,0,400.192,0
3941,0.2026613305683129,Low,0,656.2495,0
3942,0.02375419456632917,Low,0,465.77700000000004,0
3943,0.029279922619211682,Low,0,390.8145,0
3944,0.009241673732626942,Low,0,300.986,0
3945,0.2353698869752382,Low,0,537.1055,1
3946,0.9841954476621225,High,1,352.0165,1
3947,0.9432845415687959,High,1,478.887,1
3948,0.042979383915659815,Low,0,357.5625,0
3949,0.06764711051333369,Low,0,335.45950000000005,0
3950,0.08141644220828452,Low,0,7567.6215,0
3951,0.09411824539639131,Low,0,286.026,1
3952,0.03498482795737473,Low,0,586.0095,0
3953,0.10557108025166966,Low,0,1065.046,0
3954,0.004626298610548701,Low,0,449.03200000000004,0
3955,0.12490180758072779,Low,0,298.7605,1
3956,0.059865884986258555,Low,0,421.5865,0
3957,0.49498281811189826,Medium,1,794.3715,0
3958,0.15159101677428888,Low,0,548.1945000000001,0
3959,0.12442577353501552,Low,0,1054.342,0
3960,0.18379175083350455,Low,0,349.69550000000004,0
3961,0.5338231478442099,High,1,499.7095,0
3962,0.02013193000983484,Low,0,402.896,0
3963,0.05022644591855917,Low,0,920.0540000000001,0
3964,0.2529346598062001,Medium,1,613.2625,0
3965,0.007470529811266025,Low,0,598.2204999999999,0
3966,0.10024714754186914,Low,0,573.2715000000001,0
3967,0.07695308270477237,Low,0,827.2905000000001,0
3968,0.10360426680268993,Low,0,404.07000000000005,0
3969,0.061778952939406204,Low,0,328.3185,0
3970,0.004088951092439836,Low,0,740.729,0
3971,0.0673252494264688,Low,0,317.8735,0
3972,0.054864285926498675,Low,0,458.7065,0
3973,0.020186433441219228,Low,0,460.51750000000004,0
3974,0.06824356922104352,Low,0,552.418,0
3975,0.10680845082414483,Low,0,973.8865000000001,0
3976,0.04860449456548777,Low,0,809.0944999999999,0
3977,0.007086591034982795,Low,0,667.4224999999999,0
3978,0.12051202575591434,Low,0,811.626,0
3979,0.1155979951963388,Low,0,981.3695,0
3980,0.004400250287782817,Low,0,879.1255,0
3981,0.01143215296075156,Low,0,587.365,0
3982,0.02812781105664189,Low,0,400.29150000000004,0
3983,0.038095993265833704,Low,0,379.0865,0
3984,0.16512841772361045,Low,0,348.756,0
3985,0.038392810239517995,Low,0,504.627,0
3986,0.022121385319899284,Low,0,352.937,0
3987,0.01919410301805586,Low,0,425.24300000000005,0
3988,0.009163614919893388,Low,0,452.09900000000005,0
3989,0.05680758449412391,Low,0,454.84349999999995,0
3990,0.08084515782506617,Low,0,862.5705,0
3991,0.12094261842004092,Low,0,744.788,0
3992,0.5800884476757642,High,1,587.241,1
3993,0.05829741853462928,Low,0,556.8885,0
3994,0.03943177326633171,Low,0,815.485,0
3995,0.0729289717248232,Low,0,407.293,0
3996,0.09124597794609388,Low,0,604.7145,0
3997,0.142769868606615,Low,0,457.2385,0
3998,0.019328238149811224,Low,0,865.833,0
3999,0.09004412479050143,Low,0,372.7745,0
4000,0.9219106451588958,High,1,404.2335,1
4001,0.4523199247241385,Medium,1,562.9475,0
4002,0.02299329775158746,Low,0,332.1645,0
4003,0.19432758394416427,Low,0,377.03999999999996,0
4004,0.01776286372184644,Low,0,1438.1444999999999,0
4005,0.010057635453910597,Low,0,355.3075,0
4006,0.12232528036756482,Low,0,814.6714999999999,0
4007,0.09394950277284618,Low,0,449.93350000000004,0
4008,0.0090642895270227,Low,0,525.961,0
4009,0.00988445050744195,Low,0,389.693,0
4010,0.2945953037281427,Medium,1,612.965,0
4011,0.9742127146027811,High,1,1378.0495,1
4012,0.09444480119376436,Low,0,838.0045,0
4013,0.032553408302154224,Low,0,341.122,0
4014,0.2716398031688106,Medium,1,1018.698,0
4015,0.010476784242644971,Low,0,339.3945,0
4016,0.07004480865986426,Low,0,358.2465,0
4017,0.1173035986524935,Low,0,842.1424999999999,0
4018,0.2770654349423151,Medium,1,1067.618,0
4019,0.02892775404554748,Low,0,462.42650000000003,0
4020,0.014383461237984611,Low,0,338.337,0
4021,0.03433780658735282,Low,0,527.3575,0
4022,0.7966498964284849,High,1,557.2570000000001,1
4023,0.0516554776459496,Low,0,464.1135,0
4024,0.09925055812861187,Low,0,566.4485,0
4025,0.019844009678195825,Low,0,359.7765,0
4026,0.08839710662469463,Low,0,373.545,0
4027,0.06057135659467673,Low,0,363.567,0
4028,0.06227727444459859,Low,0,405.6875,0
4029,0.6029881856690791,High,1,314.763,1
4030,0.01819009100962264,Low,0,555.5775,0
4031,0.031150609571657332,Low,0,914.0350000000001,0
4032,0.08673999833100803,Low,0,697.3615,0
4033,0.02187040871120084,Low,0,386.2025,0
4034,0.06260307317923622,Low,0,598.1945000000001,0
4035,0.014156296962423468,Low,0,429.911,0
4036,0.022843177437372818,Low,0,348.574,0
4037,0.9492886072171394,High,1,804.1225,1
4038,0.07138336866065732,Low,0,483.4465,0
4039,0.16290355452800132,Low,0,1032.8465,0
4040,0.13312277541405462,Low,0,649.509,1
4041,0.05549378457234948,Low,0,288.658,0
4042,0.14759838037703552,Low,0,374.255,0
4043,0.036550166832192525,Low,0,673.8979999999999,0
4044,0.0477937847745992,Low,0,673.7495,0
4045,0.019465314349022454,Low,0,334.634,0
4046,0.011066109243470464,Low,0,497.61750000000006,0
4047,0.4046122828656117,Medium,1,243.587,0
4048,0.0490316173845528,Low,0,517.672,0
4049,0.04280169623691874,Low,0,339.34000000000003,0
4050,0.034276711181639774,Low,0,387.8215,0
4051,0.030652974387236014,Low,0,759.297,0
4052,0.0890371929154786,Low,0,930.7445,0
4053,0.18050960855640558,Low,0,423.48900000000003,0
4054,0.16201815382871365,Low,0,306.601,0
4055,0.0200102457183794,Low,0,519.375,0
4056,0.01713484608076434,Low,0,1161.042,0
4057,0.35868011072748957,Medium,1,1337.0545,0
4058,0.05557545105615459,Low,0,638.2439999999999,0
4059,0.022580598268290612,Low,0,593.9490000000001,0
4060,0.1326007199392056,Low,0,809.4765,0
4061,0.030803186056750108,Low,0,442.2695,0
4062,0.1635151195712053,Low,0,433.187,0
4063,0.021625478397353372,Low,0,480.3705,0
4064,0.017009843438653933,Low,0,453.31449999999995,0
4065,0.0159571764393016,Low,0,546.4995,0
4066,0.02348992476761736,Low,0,836.8755,0
4067,0.05392726235775481,Low,0,580.922,0
4068,0.12740676953503013,Low,0,824.921,0
4069,0.09269967696106163,Low,0,317.60249999999996,0
4070,0.727265189129949,High,1,831.629,1
4071,0.012451404357016737,Low,0,504.07550000000003,0
4072,0.0037597724406197614,Low,0,545.7825,0
4073,0.11276272935416365,Low,0,498.746,0
4074,0.1503043383407906,Low,0,716.1255000000001,0
4075,0.008153060864620247,Low,0,478.34900000000005,0
4076,0.08781905421505984,Low,0,1022.2560000000001,0
4077,0.06868278489145908,Low,0,482.3365,0
4078,0.03791428308216843,Low,0,423.9635,0
4079,0.2911551381230492,Medium,1,518.6635,0
4080,0.025359509790861372,Low,0,341.2425,0
4081,0.0019607349911360257,Low,0,591.6479999999999,0
4082,0.3964993209611136,Medium,1,657.7995000000001,0
4083,0.14079789964097802,Low,0,921.9715000000001,0
4084,0.0964198185925883,Low,0,741.8715,1
4085,0.542729553775885,High,1,1072.0030000000002,0
4086,0.10529936942826562,Low,0,1965.356,0
4087,0.02195357223898371,Low,0,793.1144999999999,0
4088,0.7935543533643569,High,1,927.4515,0
4089,0.00948105141235097,Low,0,1430.8285,0
4090,0.8754397684217077,High,1,346.2675,1
4091,0.1927838059987076,Low,0,442.245,0
4092,0.17740894975822502,Low,0,837.2565,0
4093,0.03444239751784204,Low,0,428.06899999999996,0
4094,0.11739451828183085,Low,0,409.9285,0
4095,0.04251043632694368,Low,0,376.9805,0
4096,0.01373171045656911,Low,0,287.5575,0
4097,0.07093038233032363,Low,0,977.6655,0
4098,0.05022578469992532,Low,0,505.013,0
4099,0.08315853280748939,Low,0,496.8105,0
4100,0.11492766283180894,Low,0,583.9355,0
4101,0.002165467343006567,Low,0,271.75,0
4102,0.0,Low,0,708.471,0
4103,0.06047728079535452,Low,0,588.3775,0
4104,0.08879437392418955,Low,0,491.6265,0
4105,0.09005951719034465,Low,0,968.703,0
4106,0.008438668019582618,Low,0,628.9179999999999,0
4107,0.007847225694886575,Low,0,406.229,0
4108,0.07147058846321121,Low,0,1390.88,0
4109,0.9644404467413336,High,1,661.3050000000001,1
4110,0.46056069153717527,Medium,1,794.3635,1
4111,0.06040598697641272,Low,0,386.2075,0
4112,0.032700547066408125,Low,0,489.79650000000004,0
4113,0.0071263795751797775,Low,0,755.5260000000001,0
4114,0.008415579854589596,Low,0,478.89250000000004,0
4115,0.03191084416817931,Low,0,543.4705,0
4116,0.24870882952083506,Medium,1,784.5740000000001,0
4117,0.02613903161626618,Low,0,840.0205000000001,0
4118,0.11391905715397996,Low,0,856.646,0
4119,0.04024505661135406,Low,0,463.22200000000004,0
4120,0.9785135875652822,High,1,533.07,1
4121,0.06209011830438296,Low,0,533.514,0
4122,0.3542886284396143,Medium,1,319.236,0
4123,0.2281559798250071,Low,0,564.2049999999999,0
4124,0.0,Low,0,522.7475,0
4125,0.05875508830793077,Low,0,166.581,0
4126,0.05196029914226661,Low,0,421.903,0
4127,0.22612130503567385,Low,0,1615.749,0
4128,0.014598150939713218,Low,0,968.2325,0
4129,0.0133110393386361,Low,0,345.5485,0
4130,0.016660212026194405,Low,0,458.996,0
4131,0.6073235898652098,High,1,326.06550000000004,1
4132,0.9238044242861881,High,1,762.2645,1
4133,0.008211706514116188,Low,0,292.121,0
4134,0.042363175596108284,Low,0,1164.03,0
4135,0.3280896579824389,Medium,1,391.7,0
4136,0.04786351960182821,Low,0,387.0795,0
4137,0.05408018215412357,Low,0,321.6095,0
4138,0.11367039487530875,Low,0,320.11899999999997,0
4139,0.11405945016919077,Low,0,1707.2665000000002,0
4140,0.08186888830623631,Low,0,431.08000000000004,0
4141,0.0394189857044982,Low,0,744.8075,0
4142,0.08290752007004208,Low,0,499.29,0
4143,0.7620211710558668,High,1,551.6905,0
4144,0.18665221666698167,Low,0,441.6355,0
4145,0.03515482463633235,Low,0,402.48350000000005,0
4146,0.015050832896941093,Low,0,891.223,0
4147,0.05602975340298592,Low,0,1216.683,0
4148,0.11023070936897146,Low,0,1422.5925,0
4149,0.04937474595240599,Low,0,328.0875,0
4150,0.032760679411130894,Low,0,392.75649999999996,0
4151,0.09321952670182479,Low,0,2137.7965,0
4152,0.030317619054535214,Low,0,356.345,0
4153,0.13584137759992218,Low,0,406.979,0
4154,0.0988883540181124,Low,0,347.216,0
4155,0.15500310561612765,Low,0,918.619,0
4156,0.04774151636441629,Low,0,799.508,0
4157,0.029632038485463818,Low,0,459.91049999999996,0
4158,0.03358323410356111,Low,0,352.2935,0
4159,0.016152572572816656,Low,0,565.1645,0
4160,0.8716746398401024,High,1,619.308,0
4161,0.16035386442041588,Low,0,384.42650000000003,0
4162,0.05541054502209638,Low,0,581.1865,0
4163,0.7971590151995499,High,1,767.3199999999999,0
4164,0.22025866032792207,Low,0,1301.6,0
4165,0.891842523287671,High,1,563.009,1
4166,0.062042233057750945,Low,0,686.4929999999999,0
4167,0.9737211758039869,High,1,411.8265,1
4168,0.07500992943169778,Low,0,567.377,0
4169,0.04841298146545881,Low,0,305.309,0
4170,0.0,Low,0,629.725,0
4171,0.009292099389347287,Low,0,347.291,0
4172,0.9292934660494497,High,1,541.332,0
4173,0.007002166929474965,Low,0,596.9200000000001,0
4174,0.025551173196258402,Low,0,610.092,0
4175,0.1325796580528773,Low,0,407.012,0
4176,0.5404825686253525,High,1,1013.2455,0
4177,0.035443136226406,Low,0,335.4155,0
4178,0.044830241463191235,Low,0,358.587,0
4179,0.11307336752325008,Low,0,464.9375,0
4180,0.016572296621992035,Low,0,599.8629999999999,0
4181,0.17822820330421776,Low,0,422.99850000000004,0
4182,0.26806675876102665,Medium,1,451.9895,0
4183,0.8907663040202165,High,1,472.979,1
4184,0.08688571676677763,Low,0,653.1110000000001,0
4185,0.004201899378530685,Low,0,533.366,0
4186,0.3799782075690786,Medium,1,426.17650000000003,1
4187,0.0247670351564466,Low,0,875.363,0
4188,0.0488586922566961,Low,0,384.45349999999996,0
4189,0.09385224916948519,Low,0,356.99649999999997,0
4190,0.7092064624329043,High,1,816.9335,1
4191,0.027684802939646744,Low,0,425.36199999999997,0
4192,0.019519805376002723,Low,0,541.7520000000001,0
4193,0.004554338507354285,Low,0,387.3005,0
4194,0.2926502392605898,Medium,1,508.04449999999997,0
4195,0.12860393220857982,Low,0,269.61699999999996,0
4196,0.08254340731320262,Low,0,483.46900000000005,0
4197,0.2843961675931073,Medium,1,902.8745,0
4198,0.012226664477529146,Low,0,429.49850000000004,0
4199,0.8482008134463846,High,1,434.1715,0
4200,0.15659653246272692,Low,0,351.2275,0
4201,0.44529260011582183,Medium,1,451.71400000000006,1
4202,0.05742509032258999,Low,0,1256.9650000000001,0
4203,0.023356998760961423,Low,0,428.0155,0
4204,0.02536545988956011,Low,0,447.9705,0
4205,0.05041951399658835,Low,0,643.9865,0
4206,0.13624106897919686,Low,0,391.7385,0
4207,0.13960965636829797,Low,0,661.9304999999999,0
4208,0.6407952064621429,High,1,339.71299999999997,0
4209,0.006757668718818762,Low,0,558.965,0
4210,0.008120607144144696,Low,0,331.077,0
4211,0.2320041642867424,Low,0,729.767,1
4212,0.1831754519349362,Low,0,1294.279,0
4213,0.36661997946541636,Medium,1,636.686,0
4214,0.006917248926373505,Low,0,655.2565,0
4215,0.13968321959858424,Low,0,409.003,0
4216,0.4774625091353805,Medium,1,686.4295,0
4217,0.020797005496102902,Low,0,593.115,0
4218,0.6400221776822531,High,1,340.711,0
4219,0.24100284069632488,Medium,1,1141.024,0
4220,0.03506026427755297,Low,0,977.0889999999999,0
4221,0.032725787656666006,Low,0,331.0285,0
4222,0.545184268674628,High,1,639.2605,0
4223,0.2852341170991297,Medium,1,699.7294999999999,0
4224,0.007895522417959345,Low,0,717.746,0
4225,0.004060506060418076,Low,0,556.26,0
4226,0.09761078721378431,Low,0,342.4235,0
4227,0.0641106141516576,Low,0,503.759,0
4228,0.024791918814929464,Low,0,775.616,0
4229,0.3065731343743631,Medium,1,343.76300000000003,0
4230,0.053905220863771426,Low,0,491.0235,0
4231,0.12859258596006617,Low,0,585.183,0
4232,0.01179711742368404,Low,0,701.1565,0
4233,0.02914961497729942,Low,0,419.868,0
4234,0.013517329269684518,Low,0,532.374,0
4235,0.02891571714708356,Low,0,693.5385,0
4236,0.04211776757474958,Low,0,785.258,0
4237,0.018600341550745556,Low,0,447.7885,0
4238,0.11258615582051168,Low,0,417.88,0
4239,0.23429512487412207,Low,0,1019.1555000000001,1
4240,0.04041892376145449,Low,0,396.93550000000005,0
4241,0.8100971754237566,High,1,959.1355,1
4242,0.040302160161060835,Low,0,387.59299999999996,0
4243,0.10108584043798968,Low,0,506.22950000000003,0
4244,0.7644230070737524,High,1,2658.4849999999997,1
4245,0.1252574047570707,Low,0,548.036,0
4246,0.011552847618733042,Low,0,313.728,0
4247,0.15219884209433687,Low,0,1070.8890000000001,1
4248,0.0136032707902074,Low,0,496.429,0
4249,0.07705188489702187,Low,0,488.028,0
4250,0.08347512436710924,Low,0,439.83799999999997,0
4251,0.010739468904981678,Low,0,377.77099999999996,0
4252,0.6506184681297653,High,1,420.50350000000003,1
4253,0.03440238991598607,Low,0,331.2075,0
4254,0.027907722956291927,Low,0,643.5175,0
4255,0.0956042455167496,Low,0,410.61150000000004,0
4256,0.5758248608288624,High,1,935.899,1
4257,0.035381937637348294,Low,0,458.95000000000005,0
4258,0.015250085465389644,Low,0,383.669,0
4259,0.008628213110146235,Low,0,223.1305,0
4260,0.21113289375659078,Low,0,343.0925,0
4261,0.8678236067370407,High,1,313.88,1
4262,0.022560929562840577,Low,0,528.722,0
4263,0.07837076158616031,Low,0,840.5685000000001,0
4264,0.630855066065078,High,1,875.0995,0
4265,0.0017751953082732804,Low,0,427.3895,0
4266,0.3362870915139336,Medium,1,445.6455,0
4267,0.41028928882510535,Medium,1,817.056,0
4268,0.020001326268018628,Low,0,335.22249999999997,0
4269,0.03949773132674103,Low,0,363.8535,0
4270,0.17398879182978474,Low,0,907.5820000000001,0
4271,0.020107915208756724,Low,0,365.8215,0
4272,0.018198226956596345,Low,0,695.202,0
4273,0.007741681037331117,Low,0,669.5550000000001,0
4274,0.08897874331164617,Low,0,776.6600000000001,0
4275,0.13377417004316303,Low,0,407.96500000000003,0
4276,0.15747180140281347,Low,0,451.13149999999996,0
4277,0.07535747463723873,Low,0,860.0645,0
4278,0.2983064505106918,Medium,1,532.03,0
4279,0.018450637498310735,Low,0,884.294,0
4280,0.09846701021958876,Low,0,395.118,0
4281,0.0,Low,0,603.8145,0
4282,0.14748919602954697,Low,0,1976.761,0
4283,0.04679236911480756,Low,0,646.0575,0
4284,0.053468580723796656,Low,0,340.62399999999997,0
4285,0.0,Low,0,348.875,0
4286,0.004447826886586126,Low,0,687.8915,0
4287,0.07673533028708171,Low,0,613.0575,1
4288,0.7951852289310198,High,1,969.224,1
4289,0.035209068319530704,Low,0,449.289,0
4290,0.013238757411986553,Low,0,422.33299999999997,0
4291,0.030823879643094496,Low,0,465.9625,0
4292,0.002590876131025568,Low,0,436.96500000000003,0
4293,0.00716681071799405,Low,0,432.3525,0
4294,0.007513128537936729,Low,0,337.0425,0
4295,0.09336820369762819,Low,0,1266.1745,0
4296,0.0,Low,0,648.4575,0
4297,0.0288498937753964,Low,0,1109.987,0
4298,0.21417828970535102,Low,0,1430.8695,1
4299,0.056135981156252124,Low,0,550.0125,0
4300,0.33645848895205177,Medium,1,374.724,0
4301,0.05907193795738661,Low,0,1442.07,0
4302,0.04454847282854501,Low,0,522.9594999999999,0
4303,0.024385826173430766,Low,0,288.3945,0
4304,0.026261390598078454,Low,0,565.2094999999999,0
4305,0.19306248889800523,Low,0,418.99,1
4306,0.13022836791901005,Low,0,469.579,0
4307,0.002965149769585253,Low,0,313.701,0
4308,0.06558627007595269,Low,0,485.425,0
4309,0.030651594801366908,Low,0,297.0945,0
4310,0.008827799558830082,Low,0,307.9845,0
4311,0.012739011082783197,Low,0,280.065,0
4312,0.0063601664981721125,Low,0,326.7205,0
4313,0.28845944304666477,Medium,1,1390.347,0
4314,0.01781786662958104,Low,0,764.0025,0
4315,0.036408605786148636,Low,0,312.3885,0
4316,0.0032297074091552623,Low,0,606.1335,0
4317,0.01573533301046765,Low,0,511.46349999999995,0
4318,0.08802299137176328,Low,0,842.798,0
4319,0.026962409712904787,Low,0,349.933,0
4320,0.04926366309568663,Low,0,832.375,0
4321,0.06889336312309426,Low,0,835.9000000000001,0
4322,0.005985096811565638,Low,0,486.68600000000004,0
4323,0.1748423755613027,Low,0,563.9770000000001,0
4324,0.20740533578010859,Low,0,936.6344999999999,0
4325,0.002428638829912715,Low,0,339.2575,0
4326,0.03452415926717841,Low,0,593.8585,0
4327,0.169510432996857,Low,0,597.8855,0
4328,0.00300582254914487,Low,0,377.3275,0
4329,0.015922957654347036,Low,0,400.54200000000003,0
4330,0.05026435321841198,Low,0,532.4259999999999,0
4331,0.18985890274649805,Low,0,1001.168,0
4332,0.13205255937107344,Low,0,360.2285,0
4333,0.043363625704779626,Low,0,705.298,0
4334,0.1302178521642728,Low,0,567.1815,0
4335,0.04813056178034041,Low,0,541.5310000000001,0
4336,0.1271201309091113,Low,0,637.0005,0
4337,0.20970134225884124,Low,0,-20.5565,1
4338,0.8712348226715324,High,1,597.347,0
4339,0.023240038568924624,Low,0,332.26599999999996,0
4340,0.03440254162547086,Low,0,823.6175000000001,0
4341,0.02401355184030589,Low,0,333.1425,0
4342,0.009680709125865942,Low,0,367.2675,0
4343,0.08009635046167284,Low,0,787.3525,0
4344,0.08461298640712421,Low,0,436.32800000000003,0
4345,0.4438365396978124,Medium,1,362.0485,1
4346,0.2675647991205638,Medium,1,1057.217,0
4347,0.04517372067877156,Low,0,403.01800000000003,0
4348,0.10485438897467735,Low,0,367.4205,0
4349,0.003048613425154578,Low,0,572.9385,0
4350,0.032763570564798304,Low,0,568.0585,0
4351,0.5613605589959114,High,1,297.204,1
4352,0.02863050635089109,Low,0,500.04099999999994,0
4353,0.01760318596327395,Low,0,645.487,0
4354,0.3747301961593409,Medium,1,466.84450000000004,0
4355,0.09782465994165293,Low,0,754.002,0
4356,0.1614507222459865,Low,0,383.0615,0
4357,0.08819513607779146,Low,0,544.7415000000001,0
4358,0.03339367695356103,Low,0,474.409,0
4359,0.9269423284363342,High,1,668.4765,1
4360,0.12947420947166308,Low,0,668.512,0
4361,0.21305439873481968,Low,0,751.3565,0
4362,0.4650838730262474,Medium,1,437.31600000000003,0
4363,0.21287358221970445,Low,0,600.759,0
4364,0.03582284411047001,Low,0,968.29,0
4365,0.06564663617978,Low,0,349.612,0
4366,0.023601581285256166,Low,0,1191.649,0
4367,0.0523754627339767,Low,0,783.851,0
4368,0.010123964922640111,Low,0,276.722,0
4369,0.15406458547152507,Low,0,440.65049999999997,0
4370,0.031937689249538284,Low,0,407.66,0
4371,0.061141196768169384,Low,0,428.1255,0
4372,0.07651115262440478,Low,0,1150.193,0
4373,0.015241931613599855,Low,0,1210.1734999999999,0
4374,0.019687512732845382,Low,0,544.077,0
4375,0.16948306526519333,Low,0,500.66700000000003,0
4376,0.060455332287059786,Low,0,347.86699999999996,0
4377,0.05810891366411575,Low,0,641.4835,0
4378,0.19311768550189176,Low,0,328.746,0
4379,0.011310907553151305,Low,0,323.789,0
4380,0.008568138213698137,Low,0,725.7405,0
4381,0.03944606825534104,Low,0,534.858,0
4382,0.024834366268028363,Low,0,533.405,0
4383,0.077746664260636,Low,0,428.6185,0
4384,0.03685556143544374,Low,0,454.99899999999997,0
4385,0.10137043838097216,Low,0,510.914,0
4386,0.04764609462692157,Low,0,472.6635,0
4387,0.03205841272873535,Low,0,941.92,0
4388,0.09543971598118077,Low,0,477.33099999999996,0
4389,0.10446292159568552,Low,0,468.452,0
4390,0.13752044406773856,Low,0,667.576,0
4391,0.04020526217738675,Low,0,613.7445,0
4392,0.05117619728540368,Low,0,292.2355,0
4393,0.0533444687879656,Low,0,493.74,0
4394,0.04954781603385675,Low,0,663.3534999999999,0
4395,0.060261143029276515,Low,0,448.172,0
4396,0.10551332191800077,Low,0,697.3395,0
4397,0.06947297599326534,Low,0,1017.691,0
4398,0.5755430026285685,High,1,579.8205,0
4399,0.9749274854914967,High,1,501.49150000000003,1
4400,0.7383844400324193,High,1,484.6555,1
4401,0.15946523509748423,Low,0,291.783,0
4402,0.031787054887863375,Low,0,537.809,0
4403,0.04568417208223412,Low,0,507.58000000000004,0
4404,0.0,Low,0,366.35699999999997,0
4405,0.015479838643354903,Low,0,835.7090000000001,0
4406,0.08560501866617387,Low,0,2068.7525,0
4407,0.4971286522567211,Medium,1,405.28,0
4408,0.01920862993066903,Low,0,610.361,0
4409,0.11817932047657514,Low,0,602.0174999999999,0
4410,0.4269939196154919,Medium,1,715.318,0
4411,0.03916559642858326,Low,0,334.0545,0
4412,0.015169986879001455,Low,0,542.4639999999999,0
4413,0.054866332402889156,Low,0,351.0905,0
4414,0.01623589412505253,Low,0,700.9705,0
4415,0.02487924939127876,Low,0,409.696,0
4416,0.018884679360587363,Low,0,450.3065,0
4417,0.9488098269109867,High,1,715.6945,1
4418,0.01580115278161245,Low,0,464.1055,0
4419,0.4082817795084862,Medium,1,545.7715,0
4420,0.06816105522056481,Low,0,380.0455,0
4421,0.017366471207658277,Low,0,604.2155,0
4422,0.14991620267002226,Low,0,1385.2185,0
4423,0.017100687293197473,Low,0,505.5005,0
4424,0.010275131241074705,Low,0,745.8879999999999,0
4425,0.027870154334377232,Low,0,461.7345,0
4426,0.09001960231260914,Low,0,444.859,0
4427,0.35183149261941177,Medium,1,1067.9265,0
4428,0.20583871704483128,Low,0,514.352,0
4429,0.06631899551530243,Low,0,362.13349999999997,0
4430,0.04047572998254582,Low,0,391.1915,0
4431,0.1548457570750821,Low,0,344.0745,0
4432,0.042644890586786964,Low,0,412.43949999999995,0
4433,0.0,Low,0,516.396,0
4434,0.03530345111169548,Low,0,470.4335,0
4435,0.0020327246741085733,Low,0,357.4225,0
4436,0.0,Low,0,342.49300000000005,0
4437,0.0,Low,0,413.45550000000003,0
4438,0.04606195697267824,Low,0,298.692,0
4439,0.08032052240044059,Low,0,400.511,0
4440,0.015048061239360115,Low,0,251.954,0
4441,0.5626802824013833,High,1,361.804,1
4442,0.04391150997667953,Low,0,1769.743,0
4443,0.005924580459820753,Low,0,442.78600000000006,0
4444,0.042461148203098195,Low,0,1951.4385000000002,0
4445,0.04180108676041068,Low,0,680.8485000000001,0
4446,0.025552460206404684,Low,0,573.6095,0
4447,0.8661716040739463,High,1,415.696,1
4448,0.05337433399936734,Low,0,516.0745,0
4449,0.035496421157965564,Low,0,755.1500000000001,0
4450,0.29471711295727265,Medium,1,511.3405,0
4451,0.04080397619317813,Low,0,520.5745,0
4452,0.07453769345317315,Low,0,433.5395,0
4453,0.3026839472201319,Medium,1,780.967,0
4454,0.34279546008291184,Medium,1,1143.21,0
4455,0.14912004766196504,Low,0,467.115,0
4456,0.44397634547965054,Medium,1,494.229,1
4457,0.010740888465933086,Low,0,509.611,0
4458,0.032219853618823645,Low,0,751.161,0
4459,0.09752271459072875,Low,0,1084.777,0
4460,0.10779688379617329,Low,0,352.96299999999997,0
4461,0.28699667408047547,Medium,1,349.207,0
4462,0.05351454663401995,Low,0,918.5989999999999,0
4463,0.006576238177577804,Low,0,677.2764999999999,0
4464,0.05015437076213359,Low,0,441.085,0
4465,0.016223004735577126,Low,0,505.947,0
4466,0.15812094764678739,Low,0,392.5625,0
4467,0.06777350219028433,Low,0,1326.2195,0
4468,0.9822614263045176,High,1,404.0305,1
4469,0.04542343499924488,Low,0,738.9045,0
4470,0.007446217218523019,Low,0,407.91049999999996,0
4471,0.02521599132386141,Low,0,345.42400000000004,0
4472,0.032705667425258135,Low,0,811.855,0
4473,0.7911890759851191,High,1,445.062,1
4474,0.01643666061630601,Low,0,601.745,0
4475,0.03129941521276036,Low,0,335.955,0
4476,0.1545081742099837,Low,0,385.924,0
4477,0.09330073957326022,Low,0,1062.8139999999999,0
4478,0.14865190025454203,Low,0,573.44,0
4479,0.08396753242679153,Low,0,1582.2175,0
4480,0.0026502348554549417,Low,0,691.5635,0
4481,0.1738613466425472,Low,0,664.3125,0
4482,0.009141002682970576,Low,0,694.3935,0
4483,0.019000722151771933,Low,0,1339.0895,0
4484,0.04752453348508755,Low,0,374.639,0
4485,0.07526125383664861,Low,0,651.6445,0
4486,0.05740670418331984,Low,0,510.778,0
4487,0.008911026918852176,Low,0,456.17650000000003,0
4488,0.04980749091384646,Low,0,412.635,0
4489,0.03520963047424896,Low,0,1129.7445,0
4490,0.0015577280133378803,Low,0,209.067,0
4491,0.9320436571816094,High,1,368.51800000000003,1
4492,0.013113392668878378,Low,0,551.6365000000001,0
4493,0.10697299593529662,Low,0,907.4685,1
4494,0.07125533676417117,Low,0,394.557,0
4495,0.09815265725946318,Low,0,329.8035,0
4496,0.02920801486582472,Low,0,607.4975,0
4497,0.12533269522990426,Low,0,320.851,0
4498,0.01604759328723877,Low,0,632.96,0
4499,0.005175056850533637,Low,0,364.59299999999996,0
4500,0.8163719098751794,High,1,958.5495000000001,1
4501,0.18982990549542933,Low,0,535.6815,0
4502,0.04027404247749673,Low,0,231.56,0
4503,0.11079816401340208,Low,0,500.8885,0
4504,0.0024029918470703606,Low,0,431.98299999999995,0
4505,0.04574647429411194,Low,0,691.1165,0
4506,0.019184525320061492,Low,0,502.483,0
4507,0.11800606521167542,Low,0,629.96,0
4508,0.05297563955013044,Low,0,848.6085,0
4509,0.06767327336356613,Low,0,552.0855,0
4510,0.02338624353627462,Low,0,723.283,0
4511,0.10160674779502551,Low,0,195.65699999999998,0
4512,0.09750899130538965,Low,0,354.31899999999996,0
4513,0.9173800403887797,High,1,405.61850000000004,1
4514,0.014108000818257081,Low,0,379.81850000000003,0
4515,0.09065476670757516,Low,0,374.101,0
4516,0.0,Low,0,275.2125,0
4517,0.015637811536380927,Low,0,374.735,0
4518,0.15300591279358902,Low,0,370.502,0
4519,0.05104257023653967,Low,0,621.2525,0
4520,0.10580356056983573,Low,0,699.9755,0
4521,0.002796786164164369,Low,0,462.79449999999997,0
4522,0.018472971857540987,Low,0,377.3875,0
4523,0.5255327091550632,High,1,364.8885,1
4524,0.12834096271945147,Low,0,322.0045,0
4525,0.16127778781559854,Low,0,432.991,0
4526,0.016470475566526286,Low,0,452.456,0
4527,0.01552685575415775,Low,0,777.2864999999999,0
4528,0.04238369910092618,Low,0,827.6289999999999,0
4529,0.06363187559551944,Low,0,440.28,0
4530,0.0020264257620452313,Low,0,400.945,0
4531,0.08617568268963587,Low,0,483.2745,0
4532,0.03743002863025211,Low,0,661.6875,0
4533,0.021683193723137255,Low,0,460.5335,0
4534,0.06379448769258436,Low,0,340.61850000000004,0
4535,0.0434360020483947,Low,0,614.2695,0
4536,0.07725485163357472,Low,0,541.349,0
4537,0.29607398433088866,Medium,1,547.459,0
4538,0.36618827895340367,Medium,1,828.444,0
4539,0.6956590396118536,High,1,948.1089999999999,0
4540,0.04878122129788358,Low,0,1251.4805,0
4541,0.003212881972498371,Low,0,624.9965,0
4542,0.024337540286471983,Low,0,301.8865,0
4543,0.027078259581807634,Low,0,426.5085,0
4544,0.16465944673478097,Low,0,376.889,0
4545,0.0744051695891418,Low,0,411.155,0
4546,0.018957228605947413,Low,0,461.5295,0
4547,0.22806106680821203,Low,0,535.101,0
4548,0.5325010561025771,High,1,916.3729999999999,0
4549,0.009799700351200423,Low,0,411.12350000000004,0
4550,0.034255137894747566,Low,0,281.2565,0
4551,0.17310227714995102,Low,0,521.572,0
4552,0.043849151126238745,Low,0,524.4225,0
4553,0.004933676410323389,Low,0,373.4315,0
4554,0.0030484283016772185,Low,0,386.1585,0
4555,0.022271299677337097,Low,0,437.2575,0
4556,0.012375645447986836,Low,0,415.088,0
4557,0.14671667943280228,Low,0,1308.791,0
4558,0.7974027449382275,High,1,416.4085,1
4559,0.3335512995319635,Medium,1,320.7165,1
4560,0.017928939194718004,Low,0,339.632,0
4561,0.22222113148293696,Low,0,469.15700000000004,1
4562,0.011237009386029595,Low,0,503.8755,0
4563,0.03337734974636319,Low,0,394.933,0
4564,0.013879645198364005,Low,0,324.55150000000003,0
4565,0.21393150375931574,Low,0,550.3045,1
4566,0.9564083455288441,High,1,890.3615,1
4567,0.08024544674872125,Low,0,611.6425,0
4568,0.0467903040133947,Low,0,349.553,0
4569,0.08195219283947154,Low,0,337.745,0
4570,0.3862218365513598,Medium,1,831.5419999999999,1
4571,0.010055647829279046,Low,0,434.6685,0
4572,0.028628622020654474,Low,0,569.469,0
4573,0.0850838493450229,Low,0,641.3805,0
4574,0.01511924247324575,Low,0,354.31,0
4575,0.02737034874695583,Low,0,148.624,0
4576,0.6645320676183064,High,1,755.5515,1
4577,0.2440123755972716,Medium,1,442.376,0
4578,0.005533732606559515,Low,0,409.131,0
4579,0.7458822680768207,High,1,433.75,0
4580,0.3854659747217062,Medium,1,320.723,0
4581,0.5575910182489902,High,1,788.598,1
4582,0.021050148121185424,Low,0,812.504,0
4583,0.008173249246751663,Low,0,274.279,0
4584,0.0786533562075371,Low,0,365.506,0
4585,0.0066338989646052594,Low,0,706.09,0
4586,0.016067468855155108,Low,0,329.27299999999997,0
4587,0.024450184593623473,Low,0,325.8775,0
4588,0.004282644797092721,Low,0,633.6345,0
4589,0.008313007351413866,Low,0,365.5085,0
4590,0.0628262141706949,Low,0,476.0475,0
4591,0.07504504337862558,Low,0,2345.2309999999998,0
4592,0.03393078770164582,Low,0,379.3045,0
4593,0.01767230063330249,Low,0,403.2215,0
4594,0.05608111594833063,Low,0,947.2855,0
4595,0.4532391852389344,Medium,1,423.91650000000004,0
4596,0.03281703131529074,Low,0,395.262,0
4597,0.9756458059780806,High,1,336.522,1
4598,0.009375700753941441,Low,0,640.7365,0
4599,0.01407362687519471,Low,0,507.65999999999997,0
4600,0.3378412420911028,Medium,1,413.66949999999997,0
4601,0.9193496209569846,High,1,510.4945,1
4602,0.007737674777293002,Low,0,425.1315,0
4603,0.7068386847115978,High,1,605.6695,1
4604,0.022714348728159795,Low,0,494.139,0
4605,0.0054036060378558496,Low,0,479.325,0
4606,0.016072453244153316,Low,0,330.33950000000004,0
4607,0.05582579901623235,Low,0,830.6545000000001,0
4608,0.06752145223013736,Low,0,356.8865,0
4609,0.0353991598568354,Low,0,606.165,0
4610,0.4980738396628986,Medium,1,1067.5335,1
4611,0.029852371591277762,Low,0,357.2495,0
4612,0.019779680846524133,Low,0,925.5615,0
4613,0.01339572994765937,Low,0,383.9375,0
4614,0.02163718623275499,Low,0,348.4675,0
4615,0.061404490647095106,Low,0,1338.868,0
4616,0.017008445786003707,Low,0,1076.3135,0
4617,0.014870410198458034,Low,0,586.942,0
4618,0.048613193037632056,Low,0,723.2035000000001,0
4619,0.004320669594052663,Low,0,476.134,0
4620,0.017236594440864665,Low,0,386.8895,0
4621,0.02733516348322136,Low,0,565.095,0
4622,0.057065329538675276,Low,0,432.82950000000005,0
4623,0.012809293032573329,Low,0,358.705,1
4624,0.024368784769619862,Low,0,418.251,0
4625,0.06522228392644076,Low,0,892.204,0
4626,0.046071370894041876,Low,0,1141.4940000000001,0
4627,0.1690167013311695,Low,0,499.59450000000004,0
4628,0.11130838952362121,Low,0,391.63,0
4629,0.013558721346576643,Low,0,504.34450000000004,0
4630,0.14907677470177202,Low,0,537.244,0
4631,0.0265252914324191,Low,0,638.455,0
4632,0.29440462591202615,Medium,1,536.4404999999999,0
4633,0.018332155806556973,Low,0,736.7570000000001,0
4634,0.0550683908986402,Low,0,747.9705,0
4635,0.15258834397277898,Low,0,301.246,0
4636,0.24447996557482862,Medium,1,293.993,1
4637,0.0492550321264497,Low,0,889.6665,0
4638,0.022607494155115485,Low,0,393.927,0
4639,0.0629719703107852,Low,0,708.0025,0
4640,0.01715495846465986,Low,0,321.841,0
4641,0.22566196684133974,Low,0,380.93399999999997,0
4642,0.05075777315775726,Low,0,717.1755,0
4643,0.04898606526222155,Low,0,531.981,0
4644,0.022841361439986264,Low,0,349.87600000000003,0
4645,0.0685041575352542,Low,0,468.47800000000007,0
4646,0.2570564206513994,Medium,1,355.8955,0
4647,0.04640196304471492,Low,0,923.5875,0
4648,0.017254423970386058,Low,0,395.467,0
4649,0.038780279616064096,Low,0,409.946,0
4650,0.014456661548481868,Low,0,496.602,0
4651,0.111274554687086,Low,0,523.155,0
4652,0.09830532275075336,Low,0,508.12899999999996,0
4653,0.09205828950930618,Low,0,338.46450000000004,0
4654,0.05367515431145384,Low,0,864.5765,0
4655,0.03881735509469356,Low,0,590.764,0
4656,0.049869262209155704,Low,0,1149.4095,0
4657,0.004830197792218417,Low,0,538.9695,0
4658,0.022498353616381674,Low,0,445.8695,0
4659,0.30716076832001094,Medium,1,579.554,0
4660,0.037686487354335496,Low,0,708.1825,0
4661,0.36751429593109264,Medium,1,1731.881,1
4662,0.02320692468931095,Low,0,885.0685000000001,0
4663,0.04900113016914768,Low,0,624.6855,0
4664,0.004682480499555955,Low,0,249.20749999999998,0
4665,0.2866896845834082,Medium,1,830.969,1
4666,0.15203872870820329,Low,0,975.2055,0
4667,0.017353277483911526,Low,0,391.6485,0
4668,0.9509046487944509,High,1,412.45500000000004,1
4669,0.04374656079979641,Low,0,389.916,0
4670,0.027411091366076085,Low,0,415.764,0
4671,0.06993212748852409,Low,0,342.7835,0
4672,0.03732417513199366,Low,0,817.0985000000001,0
4673,0.14827474215590083,Low,0,1361.07,0
4674,0.046220462470937855,Low,0,330.5865,0
4675,0.018268341529278573,Low,0,529.231,0
4676,0.04076981250118306,Low,0,717.603,0
4677,0.2812025477752699,Medium,1,635.0854999999999,0
4678,0.07622151982848968,Low,0,877.9449999999999,0
4679,0.09916470089082835,Low,0,459.32000000000005,0
4680,0.9842330925478836,High,1,556.5645,1
4681,0.5762194189307248,High,1,1546.227,1
4682,0.08932783375144353,Low,0,336.0715,0
4683,0.044049814535052786,Low,0,395.9735,0
4684,0.3056466084764541,Medium,1,427.682,0
4685,0.022441987575737513,Low,0,395.9205,0
4686,0.0029204270159465433,Low,0,458.56,0
4687,0.05790818150443038,Low,0,665.735,0
4688,0.009342889547639083,Low,0,327.635,0
4689,0.03854238539229357,Low,0,928.6084999999999,0
4690,0.14457995212113373,Low,0,346.345,0
4691,0.09729733770416135,Low,0,325.9495,0
4692,0.10539795905616894,Low,0,1526.9029999999998,0
4693,0.8336197519531899,High,1,387.79949999999997,0
4694,0.011965421694491756,Low,0,879.7245,0
4695,0.0247168445495526,Low,0,565.87,0
4696,0.005400048277495817,Low,0,709.6915,0
4697,0.00971789407645615,Low,0,370.735,0
4698,0.4261499742113734,Medium,1,493.3915,0
4699,0.04698136891632547,Low,0,455.3425,0
4700,0.057721272749867,Low,0,830.6275,0
4701,0.039570804773676936,Low,0,53.9785,0
4702,0.07303624653963972,Low,0,364.8315,0
4703,0.022407232153767304,Low,0,516.081,0
4704,0.020164339872560135,Low,0,454.78700000000003,0
4705,0.6821288833568083,High,1,482.346,0
4706,0.04312294842913577,Low,0,812.114,0
4707,0.02278856307238374,Low,0,793.3215,0
4708,0.05104326189139457,Low,0,370.524,0
4709,0.03010628822600268,Low,0,506.01800000000003,0
4710,0.026821259268550945,Low,0,476.274,0
4711,0.0019892668508019575,Low,0,597.5709999999999,0
4712,0.4375760741201362,Medium,1,433.298,0
4713,0.08127778218191342,Low,0,432.0765,0
4714,0.026049377415978705,Low,0,545.826,0
4715,0.029350354536686052,Low,0,358.9425,0
4716,0.016000217526826302,Low,0,272.39099999999996,0
4717,0.0393917613409106,Low,0,534.2125,0
4718,0.21618016096033793,Low,0,1099.4950000000001,0
4719,0.02724093654399009,Low,0,251.75150000000002,0
4720,0.11642940209590869,Low,0,479.319,0
4721,0.11391458040277361,Low,0,389.93600000000004,0
4722,0.5043690929386239,High,1,363.3875,0
4723,0.27260576498465916,Medium,1,512.89,1
4724,0.24716626871743205,Medium,1,681.6614999999999,0
4725,0.01251660647440851,Low,0,285.406,0
4726,0.09568813506493803,Low,0,351.3175,0
4727,0.024498624884102524,Low,0,398.344,0
4728,0.01451703238135835,Low,0,493.66650000000004,0
4729,0.010186463395084345,Low,0,374.99100000000004,0
4730,0.9755185450353718,High,1,501.8825,1
4731,0.9754698495684948,High,1,419.39599999999996,1
4732,0.0525939691912676,Low,0,582.419,0
4733,0.054254876381955044,Low,0,539.3715,0
4734,0.001743223935342162,Low,0,368.267,0
4735,0.0026543668616110377,Low,0,750.8105,0
4736,0.025775246950863175,Low,0,399.239,0
4737,0.04201670507665109,Low,0,919.117,0
4738,0.03678863771499554,Low,0,744.505,0
4739,0.0910348540832087,Low,0,516.2175,0
4740,0.05878411180546738,Low,0,404.253,1
4741,0.003229707409155262,Low,0,527.3775,0
4742,0.9407668095986059,High,1,368.625,1
4743,0.13196858497760006,Low,0,341.5215,0
4744,0.021250213165250383,Low,0,346.0795,0
4745,0.06715552764966617,Low,0,392.0135,0
4746,0.06693383031306592,Low,0,753.745,0
4747,0.0,Low,0,442.1775,0
4748,0.10978346524806296,Low,0,1406.821,0
4749,0.12979936677095147,Low,0,865.4994999999999,0
4750,0.7446502101369744,High,1,676.6545000000001,0
4751,0.035788921482783745,Low,0,323.59000000000003,0
4752,0.15066640462431502,Low,0,375.14700000000005,0
4753,0.019749206673052033,Low,0,1389.366,0
4754,0.5452035198265658,High,1,418.99,1
4755,0.053988960361056756,Low,0,367.698,0
4756,0.04303641608363655,Low,0,484.60699999999997,0
4757,0.048152677510499085,Low,0,619.5705,0
4758,0.08429330220240171,Low,0,511.6975,0
4759,0.034964395065383305,Low,0,328.35749999999996,0
4760,0.010404534655567324,Low,0,596.883,0
4761,0.04950220993611475,Low,0,521.721,0
4762,0.12611683966446435,Low,0,342.21549999999996,1
4763,0.9912951175933244,High,1,420.4195,1
4764,0.03313344983707645,Low,0,1042.858,0
4765,0.3750430681982744,Medium,1,462.4975,0
4766,0.1288924941766744,Low,0,249.89299999999997,0
4767,0.05837060774914017,Low,0,1051.3705,0
4768,0.004122881863231123,Low,0,513.6195,0
4769,0.0102994292171982,Low,0,425.491,0
4770,0.10536747097121117,Low,0,457.95799999999997,0
4771,0.334794537353135,Medium,1,332.4075,0
4772,0.08926207354610427,Low,0,431.334,0
4773,0.12067800965152714,Low,0,298.46500000000003,0
4774,0.01369526656718697,Low,0,353.51599999999996,0
4775,0.04472146202324008,Low,0,1309.768,0
4776,0.09156379918868554,Low,0,357.4425,0
4777,0.07828186044308322,Low,0,825.1324999999999,0
4778,0.011563860874400146,Low,0,783.9694999999999,0
4779,0.015357405632984423,Low,0,370.8225,0
4780,0.006673865270368521,Low,0,700.2864999999999,0
4781,0.5954220555224388,High,1,521.178,0
4782,0.0024356985625433977,Low,0,361.1685,0
4783,0.20269178698189666,Low,0,789.6289999999999,0
4784,0.013754737581869595,Low,0,514.213,0
4785,0.017168610797305212,Low,0,338.7015,0
4786,0.04195009281449034,Low,0,633.463,0
4787,0.07260570720836466,Low,0,982.7139999999999,0
4788,0.23998952040366697,Medium,1,607.675,0
4789,0.013676838932779859,Low,0,424.606,0
4790,0.009368495972369374,Low,0,309.4765,0
4791,0.22770674057558773,Low,0,664.231,0
4792,0.27781022718503223,Medium,1,401.08299999999997,0
4793,0.010505791417481553,Low,0,1033.5985,0
4794,0.012496389730874337,Low,0,1261.0705,0
4795,0.06918054850538001,Low,0,314.32550000000003,1
4796,0.041428856529353714,Low,0,328.88599999999997,0
4797,0.06455358399067744,Low,0,576.2645,0
4798,0.014669119821063156,Low,0,378.88,0
4799,0.04884176609676965,Low,0,320.7085,0
4800,0.010474812449598535,Low,0,431.693,0
4801,0.10420604678064872,Low,0,372.7455,0
4802,0.08972307414320634,Low,0,831.3895,0
4803,0.06466779757256884,Low,0,471.5655,0
4804,0.01192131997317156,Low,0,399.4415,0
4805,0.0029621164402051647,Low,0,361.0725,1
4806,0.09682795021060989,Low,0,348.183,0
4807,0.03125136011430629,Low,0,376.78499999999997,0
4808,0.06412305422330834,Low,0,488.47950000000003,0
4809,0.9459445515325436,High,1,459.8205,0
4810,0.12300417626241317,Low,0,534.0815,0
4811,0.03954538192959758,Low,0,378.0055,0
4812,0.005206181975464921,Low,0,367.1535,0
4813,0.08204630876234727,Low,0,362.1995,0
4814,0.08711372836022498,Low,0,494.96299999999997,0
4815,0.9446467878352022,High,1,366.1485,1
4816,0.48105272579067854,Medium,1,487.6525,1
4817,0.2000816682367242,Low,0,404.24199999999996,0
4818,0.05608652788008164,Low,0,967.317,0
4819,0.04570408099520745,Low,0,457.23400000000004,0
4820,0.01565395014706284,Low,0,360.0625,0
4821,0.8419013663442887,High,1,387.036,1
4822,0.0443506005292348,Low,0,411.735,0
4823,0.018791431501682113,Low,0,253.6825,0
4824,0.002353403160051692,Low,0,425.88800000000003,0
4825,0.051467303242159104,Low,0,389.2935,0
4826,0.024967307734247185,Low,0,135.56400000000002,0
4827,0.11156156460768893,Low,0,519.644,0
4828,0.022772557357873594,Low,0,321.4705,0
4829,0.020840315789623254,Low,0,907.999,0
4830,0.04457629753796869,Low,0,340.759,0
4831,0.492077925978739,Medium,1,586.0445,0
4832,0.0481601612306134,Low,0,581.9665,0
4833,0.3780455379840218,Medium,1,605.268,0
4834,0.020582952456840678,Low,0,242.9915,0
4835,0.005030752346970943,Low,0,775.579,0
4836,0.7192399259395605,High,1,702.068,0
4837,0.4678111576560157,Medium,1,521.917,0
4838,0.06737411399212653,Low,0,1151.1,0
4839,0.010266096443541348,Low,0,1165.3735,0
4840,0.15586447885507576,Low,0,397.388,0
4841,0.08306067074437277,Low,0,683.3045,0
4842,0.03266765042956698,Low,0,583.952,0
4843,0.1171737978822186,Low,0,516.287,0
4844,0.2093962251506931,Low,0,504.66600000000005,1
4845,0.013898674095334705,Low,0,201.63400000000001,0
4846,0.14661657926960006,Low,0,343.1725,0
4847,0.007593425496049496,Low,0,506.677,0
4848,0.7598387919582186,High,1,320.76099999999997,0
4849,0.009843335597981223,Low,0,237.46800000000002,0
4850,0.011244904411433538,Low,0,892.2515000000001,0
4851,0.022372694964668097,Low,0,341.489,0
4852,0.020890565324007047,Low,0,303.5775,0
4853,0.9472159948248476,High,1,446.534,1
4854,0.0027150706696236473,Low,0,360.947,0
4855,0.02280903335706342,Low,0,770.2715000000001,0
4856,0.00847761595741883,Low,0,729.0485000000001,0
4857,0.15586830287521228,Low,0,449.6655,0
4858,0.0,Low,0,537.4235,0
4859,0.009939575425375885,Low,0,664.0245,0
4860,0.008688477505812755,Low,0,331.87149999999997,0
4861,0.008308141219500005,Low,0,412.97,0
4862,0.055319205807715585,Low,0,361.3655,0
4863,0.5951716422625335,High,1,365.861,0
4864,0.2440878526565259,Medium,1,495.571,0
4865,0.018747778816213492,Low,0,372.83050000000003,0
4866,0.0746062056770822,Low,0,1250.7694999999999,0
4867,0.0029209374972267335,Low,0,334.6685,0
4868,0.03926213320981463,Low,0,456.91650000000004,0
4869,0.02427059295710489,Low,0,983.4735000000001,0
4870,0.07139676075495427,Low,0,957.1035,0
4871,0.07892896841109083,Low,0,461.615,0
4872,0.031866887070860515,Low,0,372.34450000000004,0
4873,0.048471525154605115,Low,0,387.2845,0
4874,0.36587534003984845,Medium,1,839.889,0
4875,0.01747476361970451,Low,0,283.22249999999997,0
4876,0.009374379497283395,Low,0,354.69100000000003,0
4877,0.04578779768305901,Low,0,465.0375,0
4878,0.052505034710063334,Low,0,680.453,0
4879,0.01598321828107611,Low,0,344.645,0
4880,0.012032010175070914,Low,0,486.1365,0
4881,0.02173306399806341,Low,0,343.464,0
4882,0.17511447057500706,Low,0,628.5314999999999,0
4883,0.027077505620798276,Low,0,271.45000000000005,0
4884,0.014902020242377589,Low,0,513.55,0
4885,0.11379014303565832,Low,0,416.312,0
4886,0.24195537117410437,Medium,1,346.924,0
4887,0.016383029650449518,Low,0,259.704,0
4888,0.06481293806070433,Low,0,409.251,0
4889,0.7831935917452794,High,1,367.815,1
4890,0.07689815917440031,Low,0,877.4815,0
4891,0.12681237545586016,Low,0,314.0775,0
4892,0.09313001409350588,Low,0,418.93550000000005,0
4893,0.9613397890217432,High,1,543.9845,1
4894,0.018918497926135536,Low,0,482.5365,0
4895,0.053117846536178855,Low,0,373.5865,1
4896,0.06443120324000652,Low,0,570.1415,0
4897,0.030872492119716863,Low,0,359.83299999999997,0
4898,0.01573209408546495,Low,0,408.51800000000003,0
4899,0.03895576976498273,Low,0,519.927,0
4900,0.10032444449246491,Low,0,1140.5925,0
4901,0.5654684193407226,High,1,584.56,0
4902,0.10358991191044122,Low,0,818.512,0
4903,0.016438168742478047,Low,0,364.322,0
4904,0.07576370169349375,Low,0,929.9580000000001,0
4905,0.16905079434990858,Low,0,417.6705,0
4906,0.08437904312120978,Low,0,817.9565,0
4907,0.022478019089797477,Low,0,334.345,0
4908,0.5555168906587409,High,1,615.016,0
4909,0.16415355536853107,Low,0,415.0885,0
4910,0.07361945326464148,Low,0,267.625,0
4911,0.02057158357222039,Low,0,346.2185,0
4912,0.09958026102641641,Low,0,319.321,0
4913,0.006570031032742399,Low,0,707.7460000000001,0
4914,0.2502185173075112,Medium,1,496.75250000000005,0
4915,0.04413887789174311,Low,0,1220.139,0
4916,0.061916938370648204,Low,0,671.998,0
4917,0.03767544994156229,Low,0,401.459,0
4918,0.04120752037142293,Low,0,300.3745,0
4919,0.08018991390736195,Low,0,668.8844999999999,0
4920,0.056048414455737626,Low,0,489.496,0
4921,0.11205228443753823,Low,0,751.412,0
4922,0.8761040392472578,High,1,379.098,0
4923,0.3863584962146891,Medium,1,409.9205,0
4924,0.08602550528083054,Low,0,644.3865000000001,0
4925,0.0024371138896278556,Low,0,472.55,0
4926,0.09999788396985311,Low,0,607.4285,0
4927,0.012232836386273179,Low,0,921.933,0
4928,0.01721737990540657,Low,0,653.185,0
4929,0.39724649906924,Medium,1,372.10450000000003,1
4930,0.018067667804564713,Low,0,397.27549999999997,0
4931,0.08879252797296103,Low,0,452.7065,0
4932,0.02079604756990154,Low,0,395.677,0
4933,0.12359677070118875,Low,0,408.17049999999995,0
4934,0.008001575059381693,Low,0,342.63,0
4935,0.020032942969792043,Low,0,480.7655,0
4936,0.002230662419341665,Low,0,547.3199999999999,0
4937,0.02111147840466285,Low,0,784.3710000000001,0
4938,0.024470297018705917,Low,0,193.0805,0
4939,0.05558799645660387,Low,0,1373.1265,0
4940,0.11075963276193813,Low,0,601.0125,0
4941,0.009814209455953833,Low,0,437.9175,0
4942,0.03241690504569018,Low,0,725.2405,1
4943,0.00515080679563435,Low,0,1021.2094999999999,0
4944,0.7555686964911745,High,1,765.7795,1
4945,0.06076855427445474,Low,0,563.492,0
4946,0.07731118858484037,Low,0,1613.7455,0
4947,0.04256529226302408,Low,0,371.64599999999996,0
4948,0.012151217841587979,Low,0,392.0555,0
4949,0.04775332388735248,Low,0,885.006,0
4950,0.09521619501496997,Low,0,710.7945,0
4951,0.00566069468205352,Low,0,409.34950000000003,0
4952,0.037659028031851574,Low,0,502.831,0
4953,0.010241221304296942,Low,0,725.3695,0
4954,0.0055004173571063875,Low,0,358.0345,0
4955,0.12769550421190667,Low,0,811.2495,0
4956,0.004742828147836165,Low,0,406.828,0
4957,0.002350926758272334,Low,0,344.423,0
4958,0.05340485229007774,Low,0,542.625,0
4959,0.008419198869157223,Low,0,447.66949999999997,0
4960,0.14836704761828057,Low,0,347.869,0
4961,0.04055038716025002,Low,0,599.1845000000001,0
4962,0.9397519768505536,High,1,429.461,1
4963,0.0,Low,0,240.4195,0
4964,0.9722505658166606,High,1,394.04,1
4965,0.035578687065521454,Low,0,563.7835,0
4966,0.21781190795115754,Low,0,398.324,0
4967,0.9142242338653038,High,1,659.662,1
4968,0.04415633185899343,Low,0,355.97450000000003,0
4969,0.29757526861689837,Medium,1,2537.4610000000002,0
4970,0.31077926248353566,Medium,1,776.0464999999999,0
4971,0.12666025094335948,Low,0,627.774,0
4972,0.04617875612020446,Low,0,361.36699999999996,0
4973,0.1266964940169328,Low,0,1723.3635,0
4974,0.017575767447006847,Low,0,367.0665,0
4975,0.07881162380002361,Low,0,385.38,0
4976,0.12947988376652514,Low,0,423.748,0
4977,0.1351078603896109,Low,0,507.4845,0
4978,0.056355079786585494,Low,0,1298.8415,0
4979,0.01600194646878011,Low,0,345.27049999999997,0
4980,0.005342556061273897,Low,0,504.623,0
4981,0.06128023626894383,Low,0,371.998,0
4982,0.09240174580331204,Low,0,1791.3809999999999,0
4983,0.03701836166040703,Low,0,497.54,0
4984,0.22645557056005272,Low,0,509.44599999999997,0
4985,0.0,Low,0,443.5565,0
4986,0.1988296482885068,Low,0,536.8345,0
4987,0.02505394204971884,Low,0,410.4635,0
4988,0.22291437115706894,Low,0,492.74249999999995,0
4989,0.007524808328111959,Low,0,320.7425,0
4990,0.4672645080306401,Medium,1,420.80600000000004,1
4991,0.0699012709444037,Low,0,483.6825,0
4992,0.059890475955744274,Low,0,321.9145,0
4993,0.013639169445184608,Low,0,490.949,0
4994,0.1666030319664561,Low,0,380.053,0
4995,0.04805538825416579,Low,0,318.555,0
4996,0.02461458745376301,Low,0,698.4145000000001,0
4997,0.025794518510390343,Low,0,763.6220000000001,0
4998,0.0028036809815950923,Low,0,398.7145,0
4999,0.5256777863481666,High,1,383.399,0
5000,0.024270808391324943,Low,0,483.299,0
5001,0.16111717331730016,Low,0,1493.1309999999999,0
5002,0.04042338040444559,Low,0,279.207,0
5003,0.7468772178420316,High,1,388.1105,0
5004,0.4021192093396845,Medium,1,423.312,0
5005,0.10447248004744837,Low,0,334.2155,0
5006,0.04849668587555947,Low,0,708.2735,0
5007,0.14242426682864026,Low,0,563.8365,0
5008,0.011667597205545261,Low,0,522.8495,0
5009,0.03560633089915653,Low,0,463.404,0
5010,0.08838504025762912,Low,0,1545.4144999999999,0
5011,0.0668932753121381,Low,0,324.39200000000005,0
5012,0.03054877382809228,Low,0,719.4805,0
5013,0.003671211759446512,Low,0,319.88100000000003,0
5014,0.0027930318805076387,Low,0,337.909,0
5015,0.06875234198576187,Low,0,382.6405,0
5016,0.18809769956054748,Low,0,497.6395,0
5017,0.050364321482044574,Low,0,437.6035,0
5018,0.019415277708976296,Low,0,374.4455,0
5019,0.02843408516076979,Low,0,395.53700000000003,0
5020,0.045090475684061264,Low,0,707.7105,0
5021,0.8536873992993659,High,1,345.6875,1
5022,0.1651960782596764,Low,0,334.782,0
5023,0.011870265308857613,Low,0,522.021,0
5024,0.01596814827416395,Low,0,428.3115,0
5025,0.05540797864327736,Low,0,478.845,0
5026,0.024246598739340156,Low,0,640.1125,0
5027,0.060454270789636555,Low,0,627.808,0
5028,0.015083906542772967,Low,0,472.506,0
5029,0.08445659978984,Low,0,1092.7365,0
5030,0.19035573861843838,Low,0,355.7555,0
5031,0.06286716457230178,Low,0,741.673,0
5032,0.10036152124510515,Low,0,572.8115,0
5033,0.019772424771088072,Low,0,441.772,0
5034,0.004908652165604213,Low,0,761.829,0
5035,0.030103338060529315,Low,0,294.3805,0
5036,0.004750335910429501,Low,0,750.2125,0
5037,0.04294591869859553,Low,0,484.815,0
5038,0.018456443680244256,Low,0,325.4915,0
5039,0.05387480214443272,Low,0,756.9485,0
5040,0.6941572641075586,High,1,333.62850000000003,1
5041,0.08349548144314943,Low,0,1064.3055,0
5042,0.9680149761458107,High,1,472.3035,1
5043,0.04908712190641002,Low,0,366.15700000000004,0
5044,0.011936646294426732,Low,0,393.80199999999996,0
5045,0.12142756396869599,Low,0,901.461,0
5046,0.06482508780093466,Low,0,1388.56,0
5047,0.15104449049630855,Low,0,389.63699999999994,0
5048,0.932572456676355,High,1,1336.35,0
5049,0.9699631002711895,High,1,299.409,1
5050,0.010731133824232034,Low,0,387.2845,0
5051,0.14409289466813116,Low,0,361.178,0
5052,0.04971226199157154,Low,0,549.0409999999999,0
5053,0.009358923419646406,Low,0,335.1995,0
5054,0.019173530939318322,Low,0,374.4695,0
5055,0.1023323930516648,Low,0,1720.193,0
5056,0.4772264400154029,Medium,1,1266.846,0
5057,0.5457820924019736,High,1,446.96799999999996,0
5058,0.44934996078528155,Medium,1,942.6245,1
5059,0.021128701579096784,Low,0,366.7915,0
5060,0.7006184858890504,High,1,1307.494,1
5061,0.07235316150570967,Low,0,595.5065,0
5062,0.4698449257043481,Medium,1,758.9985,0
5063,0.8249404683469981,High,1,432.5075,1
5064,0.9382946296530247,High,1,422.8135,0
5065,0.006007461130580866,Low,0,396.34299999999996,0
5066,0.00266378514885144,Low,0,510.364,0
5067,0.004382436205178731,Low,0,302.15,0
5068,0.004186606374551339,Low,0,675.367,0
5069,0.021381729867237888,Low,0,307.7405,0
5070,0.4926646096780036,Medium,1,713.3415,0
5071,0.07424527815897392,Low,0,403.5505,0
5072,0.18281218370888574,Low,0,1907.47,0
5073,0.04211447161672826,Low,0,372.46299999999997,0
5074,0.01538279005634367,Low,0,358.9225,0
5075,0.017080783709700568,Low,0,522.858,0
5076,0.02063397699547178,Low,0,558.3285000000001,0
5077,0.0049445854762585366,Low,0,476.803,0
5078,0.04188913116277707,Low,0,358.2015,0
5079,0.9661561035145674,High,1,793.378,1
5080,0.03794133227688894,Low,0,530.0895,0
5081,0.17431441417722254,Low,0,459.665,0
5082,0.19117189305624738,Low,0,318.99,0
5083,0.04751005088449163,Low,0,333.342,0
5084,0.018300416331235893,Low,0,468.34900000000005,0
5085,0.13991512849232968,Low,0,499.8705,0
5086,0.11325055527128378,Low,0,573.539,1
5087,0.03449664562834953,Low,0,612.1355,0
5088,0.10876382080252624,Low,0,417.8595,0
5089,0.9190416336794359,High,1,476.5815,0
5090,0.04511767914605122,Low,0,454.569,0
5091,0.017789670694146116,Low,0,345.8505,0
5092,0.020699885966759292,Low,0,254.5385,0
5093,0.1311316738057315,Low,0,705.7465,0
5094,0.018077561512760437,Low,0,936.549,0
5095,0.01276140307886555,Low,0,735.862,0
5096,0.2723593259883002,Medium,1,1262.7395000000001,1
5097,0.0290110291415331,Low,0,939.6015,0
5098,0.024366892272098397,Low,0,682.4765,0
5099,0.9653163081677147,High,1,524.9815,1
5100,0.011807817537296537,Low,0,344.2285,0
5101,0.011949410516347458,Low,0,308.31100000000004,0
5102,0.529322148499457,High,1,314.81550000000004,0
5103,0.007916299473111572,Low,0,334.288,0
5104,0.05892530213332817,Low,0,312.1105,0
5105,0.08334646606775514,Low,0,569.095,0
5106,0.21936470100997765,Low,0,372.4995,0
5107,0.06285128087464412,Low,0,570.9035,0
5108,0.11431584910931311,Low,0,449.4425,0
5109,0.7668573098771975,High,1,601.1265000000001,1
5110,0.13601586701324356,Low,0,679.2750000000001,0
5111,0.028421175756806603,Low,0,481.2235,0
5112,0.057550996909377324,Low,0,860.091,0
5113,0.05448774245811064,Low,0,675.938,0
5114,0.0030519456477470473,Low,0,389.29449999999997,0
5115,0.36428329148379013,Medium,1,315.476,1
5116,0.02175587342586078,Low,0,306.0905,0
5117,0.006161607711376568,Low,0,499.4465,0
5118,0.022890836034595276,Low,0,848.3009999999999,0
5119,0.005381180648369582,Low,0,339.754,0
5120,0.436696609075933,Medium,1,357.829,0
5121,0.2585933549319354,Medium,1,429.25649999999996,0
5122,0.16256863689949702,Low,0,2389.6220000000003,0
5123,0.007345142615485883,Low,0,554.31,0
5124,0.29953622854697803,Medium,1,513.246,0
5125,0.6235269798313776,High,1,1082.217,1
5126,0.15849003248879498,Low,0,421.7115,0
5127,0.5563909326604817,High,1,642.7445,1
5128,0.103543280661004,Low,0,539.9815,0
5129,0.19717335972201508,Low,0,336.028,0
5130,0.046125840817454945,Low,0,510.43800000000005,0
5131,0.0492749633616424,Low,0,422.0015,0
5132,0.013329748154390753,Low,0,491.29100000000005,0
5133,0.01009732609089804,Low,0,352.444,0
5134,0.03259750999906279,Low,0,611.2275,0
5135,0.1311224695333027,Low,0,1058.883,0
5136,0.10492642585804085,Low,0,592.0685,0
5137,0.07658124587272433,Low,0,2700.09,0
5138,0.22454588757392255,Low,0,831.655,0
5139,0.024491216423648342,Low,0,630.445,0
5140,0.05824878888768545,Low,0,405.3665,0
5141,0.020589249566270795,Low,0,341.3915,0
5142,0.016864125186894275,Low,0,868.431,0
5143,0.10009921049510029,Low,0,507.389,0
5144,0.024225858045710678,Low,0,261.865,0
5145,0.008076323868856294,Low,0,294.1385,0
5146,0.1277244603643161,Low,0,528.4780000000001,0
5147,0.03184672979006792,Low,0,678.4504999999999,0
5148,0.8306519215272743,High,1,694.2695,0
5149,0.01530690626358026,Low,0,360.0265,0
5150,0.2267364058988034,Low,0,778.8065,0
5151,0.009479442041887219,Low,0,670.653,0
5152,0.0090743789540539,Low,0,268.1435,0
5153,0.05227487798370996,Low,0,669.6569999999999,0
5154,0.06622815706540346,Low,0,598.0685000000001,0
5155,0.007499468571072936,Low,0,440.37850000000003,0
5156,0.05356239639547868,Low,0,496.9125,0
5157,0.101920496095703,Low,0,358.7885,0
5158,0.28067809221783835,Medium,1,1316.0215,0
5159,0.023259986218486576,Low,0,450.65250000000003,0
5160,0.1628014131147108,Low,0,622.0440000000001,0
5161,0.015528892645677113,Low,0,416.129,0
5162,0.12331003154184586,Low,0,315.908,0
5163,0.01278572972454999,Low,0,346.0965,0
5164,0.08291524203370915,Low,0,381.118,0
5165,0.023720703568875727,Low,0,857.2855,0
5166,0.28448222573578935,Medium,1,799.0815,0
5167,0.33395735394034803,Medium,1,348.8315,0
5168,0.17770204572946674,Low,0,586.4365,0
5169,0.0287271923628295,Low,0,540.5445,0
5170,0.18436299637138268,Low,0,596.5665,0
5171,0.013286657612038436,Low,0,391.6785,0
5172,0.20081078844642777,Low,0,1047.3445,0
5173,0.0389884876468768,Low,0,327.8135,0
5174,0.058467125117685974,Low,0,405.712,0
5175,0.26695253357362286,Medium,1,503.04200000000003,0
5176,0.03552444038538891,Low,0,568.2405,0
5177,0.40386871798453206,Medium,1,791.346,1
5178,0.026661898440065453,Low,0,361.0575,0
5179,0.0015629779513047773,Low,0,334.65999999999997,0
5180,0.007310044191033076,Low,0,381.5095,0
5181,0.09503730819538114,Low,0,1034.592,0
5182,0.01338661721464775,Low,0,282.0885,0
5183,0.04213118471288868,Low,0,486.4305,0
5184,0.01173639001105071,Low,0,574.29,0
5185,0.09270593796218768,Low,0,604.087,0
5186,0.04800439945284229,Low,0,533.175,0
5187,0.12905831753045816,Low,0,332.761,0
5188,0.013764444268060757,Low,0,624.018,0
5189,0.00708503309346218,Low,0,363.2635,0
5190,0.004529150254275067,Low,0,743.499,0
5191,0.0278589041673182,Low,0,558.0185,0
5192,0.026374894085070818,Low,0,1377.25,0
5193,0.044231038172241895,Low,0,322.83500000000004,0
5194,0.4493507217677024,Medium,1,368.821,0
5195,0.14124411329706044,Low,0,451.255,0
5196,0.036263492067522246,Low,0,317.411,0
5197,0.010765648661717116,Low,0,636.919,0
5198,0.9550725269232879,High,1,506.6,1
5199,0.12972867292097484,Low,0,725.6225,0
5200,0.0,Low,0,462.33050000000003,0
5201,0.27369451200219735,Medium,1,646.174,0
5202,0.4209010416128606,Medium,1,750.875,0
5203,0.041220354635511436,Low,0,243.199,0
5204,0.2747304858861084,Medium,1,286.71000000000004,0
5205,0.02549721511540333,Low,0,391.6305,0
5206,0.2026253098690214,Low,0,533.435,0
5207,0.015308562861715712,Low,0,369.5485,0
5208,0.013118522258689855,Low,0,620.5999999999999,0
5209,0.01838938885019367,Low,0,380.0765,0
5210,0.9188331872818968,High,1,72.0235,1
5211,0.011386018564218649,Low,0,624.4079999999999,0
5212,0.016823143755345268,Low,0,663.3240000000001,0
5213,0.19552151872152354,Low,0,259.1925,0
5214,0.450510770190707,Medium,1,252.721,1
5215,0.3060916794369218,Medium,1,997.601,1
5216,0.01835106967280337,Low,0,570.1395,0
5217,0.15714438600711061,Low,0,1018.2270000000001,0
5218,0.0713417611665903,Low,0,801.0065,1
5219,0.037359187342125434,Low,0,373.49,0
5220,0.9702263573194974,High,1,787.8774999999999,1
5221,0.8779776251422912,High,1,5335.6455000000005,0
5222,0.07009732452895344,Low,0,684.9165,0
5223,0.0064774281838221445,Low,0,386.97749999999996,0
5224,0.8915574671474237,High,1,326.52,0
5225,0.020414492437301885,Low,0,323.234,0
5226,0.056591553445949086,Low,0,465.6555,0
5227,0.052145626106914894,Low,0,398.172,0
5228,0.025932757101771665,Low,0,802.273,0
5229,0.01817109711275452,Low,0,861.6244999999999,0
5230,0.06165300311726449,Low,0,311.0275,0
5231,0.01099822414850412,Low,0,397.70550000000003,0
5232,0.13195971571633314,Low,0,967.06,0
5233,0.11586098664627405,Low,0,359.8655,0
5234,0.023433499835570294,Low,0,346.5135,0
5235,0.018669266272887137,Low,0,362.4905,0
5236,0.9705949844055152,High,1,354.907,1
5237,0.18520304176709063,Low,0,695.48,0
5238,0.02900671942746186,Low,0,892.972,0
5239,0.43018733936519954,Medium,1,725.6225,0
5240,0.08358223863282913,Low,0,638.8445,0
5241,0.02466690168745824,Low,0,551.197,0
5242,0.16481333732916514,Low,0,293.7325,0
5243,0.03326295717936532,Low,0,725.884,0
5244,0.0487448962030115,Low,0,967.123,0
5245,0.24555734910397556,Medium,1,505.6115,0
5246,0.05676942778916725,Low,0,313.5165,0
5247,0.12529423829014266,Low,0,1367.79,0
5248,0.05114832086696717,Low,0,453.837,0
5249,0.057142255467002225,Low,0,508.50249999999994,0
5250,0.054958922973210575,Low,0,1342.991,0
5251,0.03120466152728787,Low,0,425.64549999999997,0
5252,0.2308752083247412,Low,0,536.31,0
5253,0.10935411538017258,Low,0,356.14700000000005,0
5254,0.10946057308801717,Low,0,400.4665,0
5255,0.12402159106574767,Low,0,611.2049999999999,0
5256,0.04346461897383018,Low,0,659.256,0
5257,0.09514960816134709,Low,0,554.717,0
5258,0.027842435622232653,Low,0,655.5609999999999,0
5259,0.02403403237056987,Low,0,493.358,0
5260,0.6075751702871464,High,1,350.6225,0
5261,0.02804920535674528,Low,0,457.0905,0
5262,0.0021092525501682988,Low,0,606.9155000000001,0
5263,0.032271540589607774,Low,0,923.833,0
5264,0.004143109986764967,Low,0,409.9065,0
5265,0.2547375894680867,Medium,1,407.2475,0
5266,0.01138806444274595,Low,0,431.154,0
5267,0.0453281380895097,Low,0,321.1935,0
5268,0.09007804710219221,Low,0,352.67949999999996,0
5269,0.018873623544179843,Low,0,336.7825,0
5270,0.9855439259788524,High,1,548.595,1
5271,0.022672949146744722,Low,0,375.63750000000005,0
5272,0.0503300637525757,Low,0,-250.20849999999996,0
5273,0.1785087040890794,Low,0,364.205,0
5274,0.018347211802359747,Low,0,1204.751,0
5275,0.00684262719283105,Low,0,582.6075000000001,0
5276,0.011903643739653979,Low,0,446.5245,0
5277,0.007348377780200816,Low,0,1495.1954999999998,0
5278,0.003095924481374711,Low,0,638.2925,0
5279,0.08085772883440935,Low,0,370.514,0
5280,0.01694683460590151,Low,0,388.253,0
5281,0.018587964596246998,Low,0,283.892,0
5282,0.003480498011146008,Low,0,645.1395,0
5283,0.007346674600126003,Low,0,438.818,0
5284,0.03872064932267476,Low,0,459.1255,0
5285,0.4064698163478425,Medium,1,443.391,0
5286,0.051444210756688966,Low,0,342.8595,1
5287,0.03582226774114481,Low,0,964.6099999999999,0
5288,0.10292550137335259,Low,0,462.8505,0
5289,0.11663098020435,Low,0,689.9549999999999,0
5290,0.073548517809958,Low,0,576.5595,0
5291,0.06320671519627286,Low,0,498.13550000000004,0
5292,0.042480358105440895,Low,0,727.1235,0
5293,0.048257103840656,Low,0,979.9630000000001,0
5294,0.009236259601371635,Low,0,402.24649999999997,0
5295,0.06315474577229244,Low,0,2493.749,0
5296,0.009560621080427352,Low,0,389.2025,0
5297,0.13421209731141648,Low,0,347.7785,0
5298,0.03766158822166439,Low,0,344.249,0
5299,0.043743057344108535,Low,0,595.453,0
5300,0.44365710938934483,Medium,1,622.6925,0
5301,0.04975382452040436,Low,0,908.5889999999999,0
5302,0.029611055013770114,Low,0,523.0405000000001,0
5303,0.033365744957617904,Low,0,302.7455,0
5304,0.09818563282155392,Low,0,413.2685,0
5305,0.1938941911851162,Low,0,348.6145,0
5306,0.02620151807272882,Low,0,380.0235,0
5307,0.20195614890055802,Low,0,408.41700000000003,0
5308,0.39771572680760153,Medium,1,470.009,0
5309,0.031674443760622756,Low,0,347.02200000000005,0
5310,0.4446435321621892,Medium,1,124.172,0
5311,0.04630105541535805,Low,0,519.619,1
5312,0.08742070632245838,Low,0,421.13800000000003,0
5313,0.027759077214388476,Low,0,749.1385,0
5314,0.10740767653217302,Low,0,393.338,0
5315,0.0,Low,0,380.503,0
5316,0.06068844706095318,Low,0,349.183,0
5317,0.025426924414235105,Low,0,755.8325,0
5318,0.080178522142192,Low,0,740.246,0
5319,0.1837575727557745,Low,0,388.68399999999997,0
5320,0.08917952920536071,Low,0,419.2165,0
5321,0.04074317183127751,Low,0,396.29699999999997,0
5322,0.2150637774139397,Low,0,471.4895,0
5323,0.002403454838237447,Low,0,494.8805,0
5324,0.6729789340662155,High,1,455.9715,1
5325,0.07553804022202175,Low,0,501.28249999999997,0
5326,0.0660379944400784,Low,0,548.6995,0
5327,0.2674334822968357,Medium,1,361.39750000000004,0
5328,0.00579309312900359,Low,0,655.5550000000001,0
5329,0.021178416980795336,Low,0,541.88,0
5330,0.06883396838638794,Low,0,419.4175,0
5331,0.5287439848996637,High,1,402.4905,0
5332,0.05420995065208325,Low,0,330.8225,0
5333,0.271498887364272,Medium,1,278.985,0
5334,0.02578798944826152,Low,0,913.235,0
5335,0.048376723281357205,Low,0,1222.4685,0
5336,0.03140684822112333,Low,0,580.7475,0
5337,0.10477118794673568,Low,0,442.325,0
5338,0.011922477330982199,Low,0,529.95,0
5339,0.02833054492311708,Low,0,371.5715,0
5340,0.45422862249195467,Medium,1,428.01349999999996,0
5341,0.1292834978548551,Low,0,876.0915,0
5342,0.0660479474613136,Low,0,612.614,0
5343,0.3885985220411515,Medium,1,443.697,0
5344,0.017485861217490916,Low,0,503.95149999999995,0
5345,0.04253997946562586,Low,0,342.5485,0
5346,0.021584081490015138,Low,0,1110.1100000000001,0
5347,0.04916995164806557,Low,0,639.658,0
5348,0.08353896801874372,Low,0,569.2339999999999,0
5349,0.01707740687689425,Low,0,337.8185,0
5350,0.028388279860546928,Low,0,657.135,0
5351,0.05193835501847575,Low,0,395.79,0
5352,0.040495533234352885,Low,0,463.175,0
5353,0.05614990508324778,Low,0,429.125,0
5354,0.08622613339837827,Low,0,922.092,0
5355,0.7163011145982598,High,1,1180.1685,0
5356,0.5211628997210624,High,1,689.251,1
5357,0.08286025809138516,Low,0,606.156,0
5358,0.004716114637644528,Low,0,474.52549999999997,0
5359,0.01651220613819127,Low,0,585.3815,0
5360,0.981507621773189,High,1,339.5615,1
5361,0.07440426441046387,Low,0,521.4335,0
5362,0.01656986387317321,Low,0,484.7145,0
5363,0.043217066614220534,Low,0,391.9085,0
5364,0.01487756619948196,Low,0,330.278,0
5365,0.9764716222893504,High,1,330.88700000000006,1
5366,0.9085690364086728,High,1,408.96500000000003,1
5367,0.8220976238007424,High,1,641.047,0
5368,0.38305997090420724,Medium,1,1190.878,1
5369,0.024348238929280085,Low,0,400.3135,0
5370,0.007989975423474842,Low,0,542.372,0
5371,0.033551096543603866,Low,0,609.9145,0
5372,0.05829440004258343,Low,0,554.216,0
5373,0.01466285007250884,Low,0,387.37800000000004,0
5374,0.6652447966780387,High,1,364.972,0
5375,0.14981028298152801,Low,0,361.5335,0
5376,0.696385704466249,High,1,633.3435,0
5377,0.0022386918898261127,Low,0,569.3745,0
5378,0.9874330201921159,High,1,417.408,1
5379,0.02408095354211188,Low,0,339.8115,0
5380,0.02861186050822384,Low,0,317.81399999999996,0
5381,0.3148741922351789,Medium,1,471.356,1
5382,0.37055574240678446,Medium,1,197.8225,1
5383,0.1970357112323168,Low,0,308.36,0
5384,0.20435972565995553,Low,0,332.105,0
5385,0.017920744631568578,Low,0,349.6145,0
5386,0.12352404474409134,Low,0,578.01,1
5387,0.2458892240222315,Medium,1,416.9235,0
5388,0.660183696456167,High,1,588.987,0
5389,0.026569575186801697,Low,0,294.6255,0
5390,0.038256130153294106,Low,0,500.807,0
5391,0.04982343188600088,Low,0,392.19899999999996,0
5392,0.0318999446872745,Low,0,328.2315,0
5393,0.011624501252662884,Low,0,341.4855,0
5394,0.014386438217773901,Low,0,386.51250000000005,0
5395,0.009917470605701674,Low,0,413.94100000000003,0
5396,0.043684712885162916,Low,0,776.3340000000001,0
5397,0.07066186638606606,Low,0,560.84,0
5398,0.05064400906170185,Low,0,532.1745,0
5399,0.8758400743143472,High,1,668.301,1
5400,0.02697896379979492,Low,0,640.212,0
5401,0.012734358190630969,Low,0,373.9,0
5402,0.19700538575052687,Low,0,755.7270000000001,0
5403,0.06296223458650614,Low,0,368.5955,0
5404,0.026912627270072136,Low,0,744.9545,0
5405,0.013329716418388045,Low,0,459.49199999999996,0
5406,0.10840298480900645,Low,0,321.186,0
5407,0.03746146398076855,Low,0,613.115,0
5408,0.025269569052435107,Low,0,388.3855,0
5409,0.4275881032470535,Medium,1,750.828,0
5410,0.01731089572229103,Low,0,283.1585,0
5411,0.011432937575523645,Low,0,408.7415,0
5412,0.14309503348017516,Low,0,520.7995,0
5413,0.009209223443643519,Low,0,781.983,0
5414,0.032984815995626256,Low,0,785.1914999999999,0
5415,0.02736142933228643,Low,0,1022.6575,0
5416,0.01581339617434197,Low,0,346.28,0
5417,0.07936048833976145,Low,0,1559.6745,0
5418,0.04763178534880149,Low,0,596.9925000000001,0
5419,0.08870116399398704,Low,0,628.9290000000001,0
5420,0.10342917122293464,Low,0,387.3945,0
5421,0.008012953376352307,Low,0,233.5965,0
5422,0.3128039634922556,Medium,1,810.5815,0
5423,0.035716988258856545,Low,0,357.42100000000005,0
5424,0.21374453371107643,Low,0,449.905,0
5425,0.38695336408096515,Medium,1,304.301,0
5426,0.004198530665094649,Low,0,795.4145000000001,0
5427,0.028169960904607338,Low,0,432.24600000000004,0
5428,0.804136675398827,High,1,689.1105,1
5429,0.0276396706546254,Low,0,326.789,0
5430,0.9492690080079582,High,1,506.283,1
5431,0.015293223538036737,Low,0,333.628,0
5432,0.06083402065669271,Low,0,555.104,0
5433,0.2421536871761101,Medium,1,448.22900000000004,0
5434,0.02165726789515031,Low,0,574.2855,0
5435,0.06528982005573856,Low,0,729.8085000000001,0
5436,0.03436095335628621,Low,0,1296.5684999999999,0
5437,0.051236192034627974,Low,0,456.9835,0
5438,0.002799291577262355,Low,0,382.2945,0
5439,0.009284964798625651,Low,0,885.192,0
5440,0.004088746377072333,Low,0,580.838,0
5441,0.06663646056456503,Low,0,683.375,0
5442,0.271947437124969,Medium,1,430.3655,0
5443,0.11395686022250338,Low,0,351.70550000000003,0
5444,0.25525746811565236,Medium,1,386.64,1
5445,0.31193078643701516,Medium,1,412.286,1
5446,0.007041943787866414,Low,0,901.3205,0
5447,0.2188660640017099,Low,0,773.048,0
5448,0.18811683675247337,Low,0,2055.2920000000004,0
5449,0.26910811457299116,Medium,1,342.27,1
5450,0.03662538028219528,Low,0,334.0085,0
5451,0.002130816437504855,Low,0,374.4895,0
5452,0.12379157428712095,Low,0,169.197,0
5453,0.04341105899028529,Low,0,635.9025,0
5454,0.10923619754113956,Low,0,326.1685,0
5455,0.5075986934890033,High,1,333.06100000000004,0
5456,0.0022543693582462204,Low,0,429.31399999999996,0
5457,0.042084869367171686,Low,0,502.3895,0
5458,0.16790779226908062,Low,0,962.034,0
5459,0.04246746473731053,Low,0,561.2049999999999,0
5460,0.07549320616049314,Low,0,816.2305,0
5461,0.39132367016261765,Medium,1,462.8835,0
5462,0.027123636198517088,Low,0,513.4739999999999,0
5463,0.037026980545208976,Low,0,362.14,0
5464,0.06891093483349796,Low,0,857.638,0
5465,0.465177186878954,Medium,1,695.2115,1
5466,0.06741701741442431,Low,0,582.917,0
5467,0.028651618264753303,Low,0,332.40250000000003,0
5468,0.9567660614698427,High,1,542.808,1
5469,0.10624411378599431,Low,0,302.642,0
5470,0.05170733834262984,Low,0,425.028,0
5471,0.07709500491932819,Low,0,984.6585,0
5472,0.002258441165966098,Low,0,413.994,0
5473,0.3979042386471484,Medium,1,408.6485,1
5474,0.9554681177160362,High,1,359.56399999999996,1
5475,0.03553098322895954,Low,0,611.3824999999999,0
5476,0.204102161227201,Low,0,243.2405,0
5477,0.07879434504078785,Low,0,821.7280000000001,0
5478,0.002869079325291138,Low,0,418.478,0
5479,0.016774326190214694,Low,0,360.3205,0
5480,0.20356413756344913,Low,0,711.219,0
5481,0.08375163459766881,Low,0,487.6915,0
5482,0.0331378089385525,Low,0,383.3125,0
5483,0.05976195860012427,Low,0,481.1825,0
5484,0.003949563522045434,Low,0,384.5535,0
5485,0.1495853979123266,Low,0,456.47,0
5486,0.5129119666306454,High,1,388.084,0
5487,0.031033386257014794,Low,0,428.65500000000003,0
5488,0.011370731616994253,Low,0,369.64649999999995,0
5489,0.6336773950080702,High,1,406.7265,1
5490,0.05677093943883854,Low,0,828.6605,0
5491,0.8664909286729244,High,1,504.592,1
5492,0.1562103578891882,Low,0,936.545,0
5493,0.07797307159478786,Low,0,556.117,0
5494,0.014769240278660233,Low,0,364.45550000000003,0
5495,0.017203107110585196,Low,0,505.141,0
5496,0.9822096139884384,High,1,416.378,1
5497,0.33425996871693237,Medium,1,355.17,0
5498,0.04364464870599724,Low,0,585.3805,0
5499,0.013796896405815638,Low,0,315.0295,0
5500,0.029462547958949745,Low,0,602.5715,0
5501,0.0031093319705874003,Low,0,278.9995,0
5502,0.04613487467794515,Low,0,431.4635,0
5503,0.0,Low,0,347.449,0
5504,0.02013278083321893,Low,0,484.6595,0
5505,0.08473187416825256,Low,0,416.79200000000003,0
5506,0.021470143289998928,Low,0,755.0915,0
5507,0.060925774154518886,Low,0,404.1195,0
5508,0.31074937161224536,Medium,1,592.0264999999999,0
5509,0.860503390027249,High,1,438.58299999999997,0
5510,0.25873964372087754,Medium,1,427.6405,1
5511,0.018521608200458454,Low,0,397.1275,0
5512,0.13268670184004,Low,0,341.31,0
5513,0.0820481026953578,Low,0,940.2950000000001,0
5514,0.011136792348809928,Low,0,320.62199999999996,0
5515,0.0046479997702157435,Low,0,597.5215000000001,0
5516,0.039754339352002364,Low,0,341.80150000000003,0
5517,0.0706000616597927,Low,0,361.52599999999995,0
5518,0.022957418329817132,Low,0,476.145,0
5519,0.024453490487341877,Low,0,632.608,0
5520,0.7802372810051608,High,1,388.1515,1
5521,0.056369152324648425,Low,0,369.5915,0
5522,0.21279601057841765,Low,0,332.14649999999995,0
5523,0.08011860643147112,Low,0,604.232,0
5524,0.09589196963750768,Low,0,567.0070000000001,0
5525,0.29598004961218094,Medium,1,366.6365,1
5526,0.07115268610837297,Low,0,710.3315,0
5527,0.47359800485343073,Medium,1,457.581,0
5528,0.08674231861371265,Low,0,374.58450000000005,0
5529,0.05356761629410735,Low,0,347.126,0
5530,0.06256856390201178,Low,0,621.052,0
5531,0.2888502113843076,Medium,1,320.157,1
5532,0.1985439303278819,Low,0,671.7185,0
5533,0.0019259907780307007,Low,0,463.6165,0
5534,0.0030393572512866073,Low,0,402.496,0
5535,0.05092860764498176,Low,0,390.136,0
5536,0.4704879674257952,Medium,1,633.5165,0
5537,0.7415733998692221,High,1,447.614,0
5538,0.0068272121390417235,Low,0,409.49,0
5539,0.12318846337021991,Low,0,390.427,0
5540,0.13811228027639946,Low,0,352.57,0
5541,0.009734811274911208,Low,0,455.7885,0
5542,0.008584795030340127,Low,0,385.3935,0
5543,0.09468482711601299,Low,0,1647.0545,0
5544,0.08267672079972471,Low,0,1157.5065,0
5545,0.011425248792898223,Low,0,393.65150000000006,0
5546,0.04485641555191197,Low,0,473.5335,0
5547,0.11787583740596924,Low,0,338.03499999999997,0
5548,0.0760795900913394,Low,0,646.51,0
5549,0.014987790880878317,Low,0,599.827,0
5550,0.02429086581922813,Low,0,360.898,0
5551,0.008891579535261207,Low,0,486.9565,0
5552,0.0785862003464866,Low,0,458.92499999999995,0
5553,0.02134182840953026,Low,0,612.4395,0
5554,0.028395253081692898,Low,0,357.4755,0
5555,0.07382804030299368,Low,0,663.9255,0
5556,0.015066261404830724,Low,0,776.1220000000001,0
5557,0.013357069834519054,Low,0,586.0895,0
5558,0.02159310740543653,Low,0,312.63300000000004,0
5559,0.04501475129504307,Low,0,536.8165,0
5560,0.010663199970907167,Low,0,487.5475,0
5561,0.8863828434241926,High,1,343.4605,1
5562,0.026700175618561636,Low,0,324.37149999999997,0
5563,0.5873416952991091,High,1,369.50300000000004,0
5564,0.006221951156024445,Low,0,413.805,0
5565,0.07197197329211581,Low,0,299.90700000000004,0
5566,0.17378743796310311,Low,0,494.8375,0
5567,0.07092992834466806,Low,0,621.3995,0
5568,0.009444607161183173,Low,0,272.553,0
5569,0.004719748086513295,Low,0,730.2245,0
5570,0.001972180107332804,Low,0,897.0165,0
5571,0.02372882809600804,Low,0,367.411,0
5572,0.011939742600593784,Low,0,375.2495,0
5573,0.14393174759321128,Low,0,292.1055,0
5574,0.05388116783889645,Low,0,338.901,0
5575,0.03508433470818385,Low,0,1223.0929999999998,0
5576,0.5599842588648404,High,1,390.325,0
5577,0.2620153499859704,Medium,1,342.115,0
5578,0.014977234224635864,Low,0,503.371,0
5579,0.022198596360178572,Low,0,371.3755,0
5580,0.037844212279736125,Low,0,428.077,0
5581,0.017471430107501903,Low,0,871.4455,0
5582,0.035795480958151084,Low,0,338.597,0
5583,0.0,Low,0,875.0485,0
5584,0.09523274319121468,Low,0,471.93550000000005,0
5585,0.003948850403422707,Low,0,499.00600000000003,0
5586,0.1386963708297799,Low,0,580.037,0
5587,0.10916888498560072,Low,0,887.5865,0
5588,0.032935286493701185,Low,0,432.08000000000004,0
5589,0.3623794565649055,Medium,1,514.5060000000001,0
5590,0.018466182678938032,Low,0,646.8315,1
5591,0.16906898578280094,Low,0,392.897,0
5592,0.012189073048208704,Low,0,470.48850000000004,0
5593,0.004253258879717873,Low,0,327.34950000000003,0
5594,0.02879658248324767,Low,0,771.023,0
5595,0.03714058973690541,Low,0,302.956,0
5596,0.002276897990769145,Low,0,351.593,0
5597,0.05798410947673363,Low,0,358.321,0
5598,0.1409977047112064,Low,0,959.7,0
5599,0.06880502286287,Low,0,325.5015,0
5600,0.31909606353653513,Medium,1,509.44599999999997,0
5601,0.19063186602307855,Low,0,370.4595,0
5602,0.7423282323394179,High,1,955.6824999999999,1
5603,0.011645650467744245,Low,0,321.51300000000003,0
5604,0.00930174320472379,Low,0,344.765,0
5605,0.04422911172164995,Low,0,949.625,0
5606,0.015500514816849291,Low,0,381.5825,0
5607,0.04230637380641252,Low,0,393.72,0
5608,0.09607400891778617,Low,0,344.8435,0
5609,0.06991486755042883,Low,0,507.2315,0
5610,0.11175906610571502,Low,0,794.4545,1
5611,0.054431785661096584,Low,0,432.6855,0
5612,0.006160519981025505,Low,0,544.503,0
5613,0.0033967467118190655,Low,0,502.6985,0
5614,0.01001901472832604,Low,0,424.1635,0
5615,0.00211622425717708,Low,0,486.95000000000005,0
5616,0.07772705065418076,Low,0,1287.006,0
5617,0.14339959517719725,Low,0,1074.9355,0
5618,0.030425578964782717,Low,0,1013.7335,0
5619,0.005238734874038289,Low,0,342.812,0
5620,0.496098335197394,Medium,1,723.6345,0
5621,0.01164764750247197,Low,0,333.7255,0
5622,0.03711994049804059,Low,0,745.5675,0
5623,0.002600967007963595,Low,0,539.5,0
5624,0.024865848599650426,Low,0,326.2065,0
5625,0.403717791129964,Medium,1,339.424,0
5626,0.1150579032670601,Low,0,554.22,0
5627,0.043498192542696275,Low,0,1068.0855000000001,0
5628,0.8839437285282707,High,1,658.5895,1
5629,0.004821865621799545,Low,0,370.73699999999997,0
5630,0.16536256131577914,Low,0,411.4565,0
5631,0.23822730451400925,Low,0,390.7115,0
5632,0.028421480744311153,Low,0,474.831,0
5633,0.0,Low,0,342.86,0
5634,0.2767397789941288,Medium,1,694.953,0
5635,0.047528336251470266,Low,0,613.2094999999999,0
5636,0.04635664656397418,Low,0,290.0615,0
5637,0.016023353563512678,Low,0,407.274,0
5638,0.04698750124702013,Low,0,475.16949999999997,0
5639,0.0026241540367934416,Low,0,364.031,0
5640,0.04158888282541594,Low,0,580.788,0
5641,0.21161379548252562,Low,0,491.3825,1
5642,0.06364051122654596,Low,0,527.273,0
5643,0.04832572637611233,Low,0,338.45799999999997,0
5644,0.06602015164162388,Low,0,827.0385,0
5645,0.05268815354531722,Low,0,352.1515,0
5646,0.07481914313045562,Low,0,558.1085,0
5647,0.002299757788357137,Low,0,296.351,0
5648,0.0329600053595116,Low,0,349.14,0
5649,0.05150875045879608,Low,0,293.75199999999995,1
5650,0.014977096809498753,Low,0,434.469,0
5651,0.044354095495784736,Low,0,478.1405,0
5652,0.0058357103225908135,Low,0,362.8855,0
5653,0.025030041644341264,Low,0,503.29499999999996,0
5654,0.0102532215318133,Low,0,417.978,0
5655,0.027748904210973098,Low,0,475.5055,0
5656,0.005109532896628459,Low,0,566.6265000000001,1
5657,0.012854828899971096,Low,0,356.0425,0
5658,0.025529264316118107,Low,0,302.677,0
5659,0.012109636093791643,Low,0,547.7895,0
5660,0.05492476942343149,Low,0,999.9655,0
5661,0.009927195436793117,Low,0,683.7805000000001,0
5662,0.018194219148426935,Low,0,477.188,0
5663,0.008389068030243658,Low,0,599.201,0
5664,0.009396858879602671,Low,0,529.746,0
5665,0.020118225322843485,Low,0,378.004,0
5666,0.9403414156801946,High,1,388.1145,1
5667,0.07200224501113914,Low,0,411.85400000000004,0
5668,0.016022650336089732,Low,0,460.9395,0
5669,0.13339559988425825,Low,0,464.62,0
5670,0.23444210839515559,Low,0,410.17449999999997,0
5671,0.07315412864298965,Low,0,369.8315,0
5672,0.19474788476971333,Low,0,648.8299999999999,0
5673,0.030424443957844466,Low,0,403.207,0
5674,0.0542129468832125,Low,0,2328.252,0
5675,0.14685789734461452,Low,0,599.159,0
5676,0.03187124223172295,Low,0,601.4694999999999,0
5677,0.03819125651467526,Low,0,932.531,0
5678,0.028575337363119804,Low,0,852.487,0
5679,0.03025104920583079,Low,0,354.476,0
5680,0.2910459994422008,Medium,1,323.9175,0
5681,0.13341349029930327,Low,0,883.6185,0
5682,0.04617755151562729,Low,0,356.995,0
5683,0.07280121516253005,Low,0,423.22400000000005,0
5684,0.03933699594771073,Low,0,406.79150000000004,0
5685,0.6589115743470824,High,1,296.4285,1
5686,0.03619462260971675,Low,0,370.6095,0
5687,0.09330021864597061,Low,0,702.9604999999999,0
5688,0.012547911780578581,Low,0,522.4735,0
5689,0.7824319054304318,High,1,989.5735,1
5690,0.3220595091978607,Medium,1,647.123,0
5691,0.013360905543345807,Low,0,592.297,0
5692,0.9811038893798283,High,1,389.846,1
5693,0.027964185873775006,Low,0,344.0635,0
5694,0.06127039338202493,Low,0,1245.138,0
5695,0.011608771622344747,Low,0,790.2180000000001,0
5696,0.08806401416097374,Low,0,198.917,0
5697,0.05009520727621979,Low,0,413.844,0
5698,0.05937869567791091,Low,0,891.399,0
5699,0.03652416233599701,Low,0,412.0585,0
5700,0.09118618767439203,Low,0,641.4580000000001,0
5701,0.0904779438671502,Low,0,336.8915,0
5702,0.09611620941374595,Low,0,848.629,0
5703,0.044055630362155734,Low,0,364.2305,0
5704,0.013679713727728655,Low,0,443.9485,0
5705,0.03663200416909587,Low,0,289.081,0
5706,0.06357459072570638,Low,0,694.113,0
5707,0.13564147778159402,Low,0,362.8295,0
5708,0.03117913389361097,Low,0,563.0699999999999,0
5709,0.32976904829139203,Medium,1,355.3615,0
5710,0.3844938256416194,Medium,1,457.2205,1
5711,0.5241715147405616,High,1,339.8755,1
5712,0.035403550250256405,Low,0,999.924,0
5713,0.22457541265322714,Low,0,378.22,0
5714,0.01750791415186626,Low,0,442.105,0
5715,0.04183935843128642,Low,0,357.74800000000005,0
5716,0.020417070839899475,Low,0,451.971,0
5717,0.042065375222848665,Low,0,357.4245,0
5718,0.2375902941582902,Low,0,906.0450000000001,0
5719,0.9756410079974591,High,1,359.25149999999996,1
5720,0.01846635344310763,Low,0,367.717,0
5721,0.9235952252769901,High,1,362.14750000000004,1
5722,0.5859602134458765,High,1,770.2365,0
5723,0.5759781648856495,High,1,460.186,0
5724,0.008637182326673487,Low,0,913.4755,0
5725,0.062393475264762514,Low,0,956.6850000000001,0
5726,0.09860986240294371,Low,0,615.3515,0
5727,0.40079679121723233,Medium,1,475.8485,1
5728,0.56686409970374,High,1,335.3575,1
5729,0.09486992466248213,Low,0,471.89200000000005,0
5730,0.6772983814366386,High,1,369.655,1
5731,0.5310423990314126,High,1,1328.4595,0
5732,0.00834213355597053,Low,0,361.015,0
5733,0.17028736694387622,Low,0,683.97,0
5734,0.13232401202160765,Low,0,558.1345,0
5735,0.19008768618485464,Low,0,1970.851,0
5736,0.03176465965309062,Low,0,885.8145,0
5737,0.07458458364887996,Low,0,677.514,0
5738,0.05399063291815114,Low,0,390.707,0
5739,0.01267766060744899,Low,0,617.5074999999999,0
5740,0.034295690497355896,Low,0,342.9335,0
5741,0.1378521945114556,Low,0,363.9585,0
5742,0.13589194668595483,Low,0,451.695,0
5743,0.11819310347921541,Low,0,378.969,0
5744,0.0052363848381388675,Low,0,457.095,0
5745,0.01639182085270253,Low,0,540.5509999999999,0
5746,0.009774740205187121,Low,0,1041.632,0
5747,0.045904274866388706,Low,0,719.015,0
5748,0.0063535394776911315,Low,0,626.369,0
5749,0.0595972801813782,Low,0,357.97549999999995,1
5750,0.01736694408337059,Low,0,576.307,0
5751,0.7744576431695184,High,1,526.86,1
5752,0.0,Low,0,380.09900000000005,0
5753,0.07068378172728736,Low,0,499.1415,0
5754,0.00923143012302513,Low,0,898.5525,0
5755,0.05809180168853699,Low,0,309.16150000000005,0
5756,0.07557367994889677,Low,0,260.948,0
5757,0.18568011301336934,Low,0,462.9465,0
5758,0.9450285251661896,High,1,665.128,1
5759,0.16518483148649232,Low,0,1016.4725000000001,0
5760,0.11757959671542872,Low,0,355.473,0
5761,0.09254126771023567,Low,0,465.3615,0
5762,0.0507925461043688,Low,0,839.7719999999999,0
5763,0.42596764034049583,Medium,1,299.2435,1
5764,0.015432304440558419,Low,0,363.137,0
5765,0.028771226489148625,Low,0,410.2505,0
5766,0.14076355593557208,Low,0,424.8905,0
5767,0.11799630236453391,Low,0,430.433,0
5768,0.00439478026181667,Low,0,373.52,0
5769,0.006983296297359218,Low,0,581.0340000000001,0
5770,0.5916040365825879,High,1,784.3520000000001,0
5771,0.03722100352151142,Low,0,425.52049999999997,0
5772,0.9783184792938548,High,1,971.4745,1
5773,0.06411491817220102,Low,0,756.8585,0
5774,0.023094275912061136,Low,0,314.5955,0
5775,0.017669442522553872,Low,0,337.7865,0
5776,0.21235776669534287,Low,0,501.2695,0
5777,0.018197616227106944,Low,0,730.3050000000001,0
5778,0.03120966814025167,Low,0,348.6545,0
5779,0.11726837259222538,Low,0,553.0525,0
5780,0.03895187522870547,Low,0,659.3495,0
5781,0.01288914499241672,Low,0,356.2505,0
5782,0.16327732485673144,Low,0,353.953,0
5783,0.05479463544353122,Low,0,600.827,0
5784,0.014224023298771033,Low,0,447.1595,0
5785,0.04125904616738987,Low,0,414.51149999999996,0
5786,0.7886088652565975,High,1,751.0325,1
5787,0.20848915598899634,Low,0,1423.65,0
5788,0.9678850539512279,High,1,996.302,1
5789,0.11248056647916409,Low,0,508.46999999999997,0
5790,0.02228429442696737,Low,0,1006.415,0
5791,0.11213714700714071,Low,0,506.68550000000005,0
5792,0.17581186056739675,Low,0,538.9215,0
5793,0.002282581609768253,Low,0,515.2725,0
5794,0.16116923181716153,Low,0,427.2085,0
5795,0.014012003710962855,Low,0,751.0609999999999,0
5796,0.14305307295167788,Low,0,432.67150000000004,0
5797,0.00493278261186911,Low,0,456.7855,0
5798,0.025233533603372552,Low,0,754.5335,0
5799,0.24517750475260272,Medium,1,753.809,0
5800,0.2396979191891656,Medium,1,526.213,1
5801,0.035826443237786304,Low,0,376.44849999999997,0
5802,0.15694624468465299,Low,0,940.815,0
5803,0.8555467324122602,High,1,512.2685,0
5804,0.381320856033692,Medium,1,343.12800000000004,0
5805,0.04897610069138649,Low,0,305.39300000000003,0
5806,0.15435033490909844,Low,0,334.3695,0
5807,0.06868373691639228,Low,0,363.9285,0
5808,0.19003028750982381,Low,0,521.827,0
5809,0.24825541771638068,Medium,1,537.8985,0
5810,0.02657938136115889,Low,0,539.3009999999999,0
5811,0.21994793645737024,Low,0,944.2745,0
5812,0.0021351694805363214,Low,0,353.9155,0
5813,0.1416212430346461,Low,0,469.03,0
5814,0.9330356831284958,High,1,393.494,1
5815,0.1950936709252352,Low,0,331.583,0
5816,0.005566346915162342,Low,0,428.707,0
5817,0.027486973760664498,Low,0,581.663,0
5818,0.01845394316642147,Low,0,445.97749999999996,0
5819,0.03525425765483458,Low,0,394.50649999999996,0
5820,0.03319341214506364,Low,0,400.57500000000005,0
5821,0.14969771939832732,Low,0,361.39300000000003,0
5822,0.10153397308686556,Low,0,402.694,0
5823,0.11521988483131206,Low,0,559.4,0
5824,0.011107784228628848,Low,0,440.026,0
5825,0.07320645371271517,Low,0,413.066,0
5826,0.05625155520622789,Low,0,291.0935,0
5827,0.03688401962854063,Low,0,933.1355,0
5828,0.031208411812100843,Low,0,434.786,0
5829,0.1510456885306568,Low,0,328.0875,0
5830,0.015338122801327963,Low,0,374.24649999999997,0
5831,0.14423222572687044,Low,0,481.27,0
5832,0.04628958970773302,Low,0,520.42,0
5833,0.024139749125526383,Low,0,571.1144999999999,0
5834,0.07431365126202977,Low,0,361.0915,0
5835,0.009696476426058982,Low,0,369.1095,0
5836,0.0047963382671637085,Low,0,687.4345000000001,0
5837,0.14225410248265266,Low,0,325.566,0
5838,0.4482796492452304,Medium,1,534.538,0
5839,0.13283740364183375,Low,0,695.547,0
5840,0.05953543809150089,Low,0,545.2985,0
5841,0.04138445219370886,Low,0,875.6714999999999,0
5842,0.860128309950728,High,1,301.595,1
5843,0.02978991838897978,Low,0,742.0795,0
5844,0.01142620039363261,Low,0,497.20500000000004,0
5845,0.21313618127022216,Low,0,431.1885,0
5846,0.11055246136434044,Low,0,785.354,0
5847,0.06562274810853883,Low,0,397.143,0
5848,0.1590590912249084,Low,0,511.8075,0
5849,0.029792580886794665,Low,0,443.54150000000004,0
5850,0.0055742041068314475,Low,0,353.23350000000005,0
5851,0.47960809440195634,Medium,1,412.34400000000005,0
5852,0.46123594398896445,Medium,1,751.0945,1
5853,0.10100780978808896,Low,0,1156.9765,0
5854,0.08974923034103197,Low,0,437.916,0
5855,0.26161726515327716,Medium,1,337.0145,0
5856,0.06396781640413976,Low,0,479.945,0
5857,0.008033803142650588,Low,0,478.491,0
5858,0.009421321106125324,Low,0,608.6959999999999,0
5859,0.24767916473595866,Medium,1,458.54200000000003,0
5860,0.05066393640371668,Low,0,312.69100000000003,0
5861,0.8840885591253406,High,1,428.485,0
5862,0.0076116882950244625,Low,0,447.04099999999994,0
5863,0.0,Low,0,439.8945,0
5864,0.841680189736818,High,1,372.003,1
5865,0.028072894205243858,Low,0,740.7795,0
5866,0.0945442708425706,Low,0,763.841,0
5867,0.5068523358556926,High,1,957.1255,1
5868,0.20254834876579386,Low,0,1202.2935,0
5869,0.011815711015529128,Low,0,494.6955,0
5870,0.0,Low,0,536.3340000000001,0
5871,0.010601165239058668,Low,0,385.1225,0
5872,0.9733791184210197,High,1,319.018,1
5873,0.01163420775246538,Low,0,468.0585,0
5874,0.2191483096762054,Low,0,352.09900000000005,0
5875,0.29349064754314885,Medium,1,348.824,0
5876,0.3355984003868514,Medium,1,313.2975,1
5877,0.04942536820469442,Low,0,862.462,0
5878,0.9562658992990566,High,1,715.1275,1
5879,0.0578212067073385,Low,0,760.4960000000001,0
5880,0.12391365814715534,Low,0,662.7629999999999,0
5881,0.05621128519641624,Low,0,422.76500000000004,0
5882,0.0022794788814206293,Low,0,485.466,0
5883,0.07401864934319864,Low,0,494.7925,0
5884,0.0246398666261164,Low,0,348.609,0
5885,0.023124141567552523,Low,0,445.43899999999996,0
5886,0.006963305550019408,Low,0,759.6255,0
5887,0.1208037811254853,Low,0,562.452,0
5888,0.011135922651782693,Low,0,449.3145,0
5889,0.010606006498313924,Low,0,372.5325,0
5890,0.06107995727138635,Low,0,528.9590000000001,0
5891,0.9788103326503214,High,1,650.069,1
5892,0.5961007265828681,High,1,404.67,1
5893,0.06045203724530599,Low,0,571.636,0
5894,0.03013904128706356,Low,0,826.7945,0
5895,0.9707883587340967,High,1,598.1365000000001,1
5896,0.07978039821266127,Low,0,336.634,0
5897,0.005810907456226321,Low,0,363.58349999999996,0
5898,0.8782841565840657,High,1,456.554,0
5899,0.035927864527568104,Low,0,889.6395,0
5900,0.008808559310920188,Low,0,335.9295,0
5901,0.03457689589075152,Low,0,335.45950000000005,0
5902,0.14530838746341956,Low,0,689.2385,0
5903,0.0308144327167623,Low,0,304.381,0
5904,0.07050450390243343,Low,0,592.3355,0
5905,0.008460246738039913,Low,0,468.77099999999996,0
5906,0.27622802068854546,Medium,1,511.036,1
5907,0.013145255259618613,Low,0,451.3945,0
5908,0.04973520703404344,Low,0,553.9475,0
5909,0.11309906903380525,Low,0,326.457,0
5910,0.0,Low,0,286.9375,0
5911,0.00732543618250225,Low,0,363.547,0
5912,0.10251926985892641,Low,0,513.2425000000001,0
5913,0.028460182525751807,Low,0,538.5445,0
5914,0.3315761830547607,Medium,1,440.38250000000005,0
5915,0.028111916903812317,Low,0,487.2745,0
5916,0.024996763377462542,Low,0,567.315,0
5917,0.023064971857468974,Low,0,820.333,0
5918,0.019439162336863915,Low,0,374.334,0
5919,0.06349174060580531,Low,0,415.177,0
5920,0.060642217706040294,Low,0,925.5895,0
5921,0.023200859112326184,Low,0,483.95550000000003,0
5922,0.21885090554102074,Low,0,491.3985,0
5923,0.018940990968821313,Low,0,324.448,0
5924,0.187879367959769,Low,0,642.7405,0
5925,0.03792251471024213,Low,0,456.3935,0
5926,0.043325387969203676,Low,0,870.4685,0
5927,0.03918740978911325,Low,0,769.4694999999999,0
5928,0.046178569619957234,Low,0,363.75350000000003,0
5929,0.023076800101487407,Low,0,832.0844999999999,0
5930,0.02495742223823574,Low,0,663.393,0
5931,0.09434985549449966,Low,0,1091.9560000000001,0
5932,0.26988030731766344,Medium,1,672.4409999999999,0
5933,0.008126682762920313,Low,0,418.186,0
5934,0.9131917175196124,High,1,288.89300000000003,1
5935,0.0,Low,0,298.38,0
5936,0.1318107085644956,Low,0,418.7715,0
5937,0.06975423429222459,Low,0,903.5,0
5938,0.056961148892688176,Low,0,461.05449999999996,0
5939,0.007592695362209073,Low,0,456.3865,0
5940,0.03112167309634205,Low,0,401.507,0
5941,0.048103026614713974,Low,0,328.2475,0
5942,0.08813594845013517,Low,0,780.981,0
5943,0.0341783238136567,Low,0,645.75,0
5944,0.006935636710363635,Low,0,426.79449999999997,0
5945,0.03180973217659687,Low,0,324.1725,0
5946,0.0021549270025333646,Low,0,372.411,0
5947,0.0,Low,0,590.152,0
5948,0.03508665058431284,Low,0,229.87349999999998,0
5949,0.8181902263769681,High,1,628.7365,1
5950,0.0019348564733450498,Low,0,907.5895,0
5951,0.05167920954538679,Low,0,1093.094,0
5952,0.20512594962390812,Low,0,342.058,0
5953,0.09984178513009181,Low,0,360.865,0
5954,0.16104542016706275,Low,0,537.164,0
5955,0.15594352105925327,Low,0,674.2615000000001,0
5956,0.051987075689770075,Low,0,931.46,0
5957,0.026430466428434763,Low,0,625.3385000000001,0
5958,0.8157647658214593,High,1,388.484,1
5959,0.01320294218905241,Low,0,383.84499999999997,0
5960,0.10963357107652875,Low,0,521.154,0
5961,0.9168217835582246,High,1,567.635,0
5962,0.17835056307675312,Low,0,813.4269999999999,0
5963,0.0,Low,0,500.919,0
5964,0.02145163140076511,Low,0,458.0105,0
5965,0.013778318810613754,Low,0,560.981,0
5966,0.08990349663562594,Low,0,1718.5055,0
5967,0.09850168487038384,Low,0,283.2015,0
5968,0.09846403051252774,Low,0,1262.9215,0
5969,0.25150518113763276,Medium,1,359.901,0
5970,0.09781399772387918,Low,0,432.18600000000004,0
5971,0.0,Low,0,309.3415,0
5972,0.04490276445906976,Low,0,438.6345,0
5973,0.77235356898462,High,1,375.983,1
5974,0.06693636719166637,Low,0,520.6165000000001,0
5975,0.11168445585500479,Low,0,495.94050000000004,0
5976,0.0,Low,0,619.5155,0
5977,0.13545986871990975,Low,0,794.899,0
5978,0.13412760725288664,Low,0,415.395,0
5979,0.04853411498673044,Low,0,444.95000000000005,0
5980,0.0381591636554537,Low,0,532.1320000000001,0
5981,0.037462501368203734,Low,0,591.951,0
5982,0.04780385321151904,Low,0,683.226,0
5983,0.012123689471087279,Low,0,478.169,0
5984,0.081957288065049,Low,0,675.8320000000001,0
5985,0.06238350694670697,Low,0,611.5285,0
5986,0.15429298123241092,Low,0,321.504,0
5987,0.046709668901665335,Low,0,1291.1695,0
5988,0.002433342191513864,Low,0,522.6545,0
5989,0.04898310071888176,Low,0,700.9475,0
5990,0.22783308243855147,Low,0,322.706,0
5991,0.028137867658748383,Low,0,513.092,0
5992,0.6105364095781379,High,1,350.349,1
5993,0.08810583739757578,Low,0,813.675,0
5994,0.07815112357229853,Low,0,430.675,0
5995,0.10146640251124922,Low,0,326.9835,0
5996,0.01892018765088721,Low,0,356.1905,0
5997,0.0,Low,0,524.472,0
5998,0.05941001035952798,Low,0,671.1859999999999,0
5999,0.09961261197298231,Low,0,604.3505,0
6000,0.42782314134737864,Medium,1,373.934,1
6001,0.09774549638980834,Low,0,1504.931,0
6002,0.8411093947458099,High,1,390.11,0
6003,0.023836123464012652,Low,0,500.072,0
